Country,Year,Labour_Productivity
Albania,2005,10.353054
Albania,2006,11.228283
Albania,2007,11.995945
Albania,2008,14.754907
Albania,2009,15.838745
Albania,2010,16.740137
Albania,2011,19.475384
Albania,2012,17.850225
Albania,2013,16.885489
Albania,2014,19.12617
Albania,2015,18.931322
Albania,2016,17.095486
Albania,2017,16.803322
Albania,2018,15.943719
Albania,2019,16.41217
Albania,2020,17.260818
Albania,2021,17.642544
Albania,2022,17.405945
Albania,2023,17.839582
Algeria,2005,24.904377
Algeria,2006,24.982725
Algeria,2007,26.766428
Algeria,2008,27.044752
Algeria,2009,24.04266
Algeria,2010,27.098522
Algeria,2011,29.435295
Algeria,2012,27.901808
Algeria,2013,25.960312
Algeria,2014,27.280413
Algeria,2015,24.338114
Algeria,2016,23.011421
Algeria,2017,22.562914
Algeria,2018,22.359617
Algeria,2019,23.577648
Algeria,2020,25.949974
Algeria,2021,26.447344
Algeria,2022,25.643744
Algeria,2023,25.869389
Angola,2005,4.520126
Angola,2006,5.8220634
Angola,2007,6.4118166
Angola,2008,7.6825566
Angola,2009,5.721538
Angola,2010,7.7260833
Angola,2011,9.381851
Angola,2012,10.318413
Angola,2013,10.442036
Angola,2014,10.691587
Angola,2015,9.139575
Angola,2016,8.484288
Angola,2017,8.5037155
Angola,2018,8.283195
Angola,2019,7.9655814
Angola,2020,7.4161253
Angola,2021,6.47309
Angola,2022,6.241098
Angola,2023,6.224074
Argentina,1972,6.4967217
Argentina,1973,6.8090587
Argentina,1974,6.8881235
Argentina,1975,6.7418485
Argentina,1976,6.7698174
Argentina,1977,7.0599103
Argentina,1978,6.87347
Argentina,1979,7.2071433
Argentina,1980,7.2464604
Argentina,1981,7.319287
Argentina,1982,7.6072407
Argentina,1983,8.040002
Argentina,1984,8.4331
Argentina,1985,8.183998
Argentina,1986,8.952904
Argentina,1987,9.406732
Argentina,1988,9.870018
Argentina,1989,9.487158
Argentina,1990,10.432155
Argentina,1991,11.980544
Argentina,1992,13.97899
Argentina,1993,15.883223
Argentina,1994,18.148232
Argentina,1995,21.263348
Argentina,1996,26.70153
Argentina,1997,26.122179
Argentina,1998,24.831041
Argentina,1999,23.373936
Argentina,2000,23.287077
Argentina,2001,22.649946
Argentina,2002,20.690678
Argentina,2003,21.357645
Argentina,2004,21.545889
Argentina,2005,21.956108
Argentina,2006,23.118025
Argentina,2007,24.502375
Argentina,2008,25.795603
Argentina,2009,24.84021
Argentina,2010,27.548946
Argentina,2011,30.288898
Argentina,2012,30.902163
Argentina,2013,30.424402
Argentina,2014,29.664883
Argentina,2015,30.041763
Argentina,2016,31.259394
Argentina,2017,34.320583
Argentina,2018,35.61679
Argentina,2019,33.71197
Argentina,2020,36.470943
Argentina,2021,34.767593
Argentina,2022,37.22633
Argentina,2023,33.81828
Armenia,2005,9.141103
Armenia,2006,10.454959
Armenia,2007,11.742122
Armenia,2008,10.887458
Armenia,2009,11.733119
Armenia,2010,12.55782
Armenia,2011,14.058219
Armenia,2012,15.964524
Armenia,2013,14.97815
Armenia,2014,15.452359
Armenia,2015,17.508825
Armenia,2016,20.207623
Armenia,2017,22.870064
Armenia,2018,21.194443
Armenia,2019,24.245123
Armenia,2020,25.175135
Armenia,2021,23.543379
Armenia,2022,24.662813
Armenia,2023,25.993195
Australia,1950,18.4293
Australia,1951,17.522049
Australia,1952,17.146282
Australia,1953,19.140686
Australia,1954,20.304356
Australia,1955,21.054615
Australia,1956,21.124231
Australia,1957,21.197527
Australia,1958,22.864124
Australia,1959,24.285387
Australia,1960,24.138668
Australia,1961,24.85144
Australia,1962,25.640186
Australia,1963,26.754639
Australia,1964,27.150354
Australia,1965,26.77636
Australia,1966,27.670444
Australia,1967,28.10588
Australia,1968,29.559008
Australia,1969,31.00819
Australia,1970,31.11273
Australia,1971,31.595451
Australia,1972,32.326717
Australia,1973,33.081367
Australia,1974,31.124147
Australia,1975,32.072807
Australia,1976,32.870277
Australia,1977,33.137997
Australia,1978,34.53616
Australia,1979,35.079933
Australia,1980,35.261826
Australia,1981,36.599667
Australia,1982,36.191505
Australia,1983,39.292015
Australia,1984,39.00796
Australia,1985,38.93734
Australia,1986,38.28763
Australia,1987,40.541897
Australia,1988,41.336845
Australia,1989,40.839767
Australia,1990,40.505577
Australia,1991,41.755432
Australia,1992,43.746502
Australia,1993,44.71063
Australia,1994,45.21353
Australia,1995,45.956936
Australia,1996,47.4686
Australia,1997,49.61656
Australia,1998,50.72947
Australia,1999,52.554787
Australia,2000,52.59428
Australia,2001,53.9811
Australia,2002,55.343575
Australia,2003,56.5483
Australia,2004,57.61121
Australia,2005,59.973167
Australia,2006,59.90955
Australia,2007,59.748547
Australia,2008,60.984226
Australia,2009,60.552567
Australia,2010,66.426834
Australia,2011,68.34106
Australia,2012,67.26891
Australia,2013,69.42627
Australia,2014,69.18332
Australia,2015,64.93884
Australia,2016,68.32087
Australia,2017,69.41445
Australia,2018,70.9219
Australia,2019,71.46591
Australia,2020,74.895004
Australia,2021,76.782364
Australia,2022,77.168205
Australia,2023,76.77899
Austria,1950,8.175332
Austria,1951,8.4365425
Austria,1952,8.886012
Austria,1953,9.47718
Austria,1954,9.864532
Austria,1955,10.295629
Austria,1956,10.742113
Austria,1957,11.065681
Austria,1958,11.446562
Austria,1959,11.679138
Austria,1960,12.260609
Austria,1961,12.939731
Austria,1962,13.452099
Austria,1963,14.191346
Austria,1964,14.982049
Austria,1965,15.656651
Austria,1966,16.680285
Austria,1967,17.58837
Austria,1968,18.70747
Austria,1969,19.795279
Austria,1970,21.63372
Austria,1971,22.610033
Austria,1972,23.517387
Austria,1973,24.40736
Austria,1974,23.948471
Austria,1975,25.274487
Austria,1976,25.918947
Austria,1977,26.598335
Austria,1978,27.276499
Austria,1979,27.76099
Austria,1980,27.800098
Austria,1981,28.717724
Austria,1982,28.967583
Austria,1983,29.779043
Austria,1984,29.631897
Austria,1985,30.200127
Austria,1986,31.691406
Austria,1987,33.35992
Austria,1988,35.255848
Austria,1989,36.481647
Austria,1990,38.11557
Austria,1991,39.25962
Austria,1992,41.57247
Austria,1993,42.9456
Austria,1994,45.262436
Austria,1995,48.23329
Austria,1996,48.070328
Austria,1997,49.89571
Austria,1998,51.796326
Austria,1999,52.920856
Austria,2000,55.563023
Austria,2001,54.67163
Austria,2002,56.25957
Austria,2003,56.851048
Austria,2004,58.22549
Austria,2005,61.650867
Austria,2006,62.488777
Austria,2007,64.070755
Austria,2008,65.52234
Austria,2009,64.993904
Austria,2010,66.47581
Austria,2011,68.57759
Austria,2012,70.070335
Austria,2013,69.24733
Austria,2014,72.200165
Austria,2015,74.01847
Austria,2016,73.73715
Austria,2017,76.241165
Austria,2018,77.677826
Austria,2019,81.325676
Austria,2020,85.04281
Austria,2021,84.39119
Austria,2022,86.678185
Austria,2023,84.96935
Azerbaijan,2005,6.820282
Azerbaijan,2006,9.650238
Azerbaijan,2007,13.282653
Azerbaijan,2008,14.734518
Azerbaijan,2009,14.93401
Azerbaijan,2010,17.730705
Azerbaijan,2011,22.647507
Azerbaijan,2012,24.888712
Azerbaijan,2013,23.835394
Azerbaijan,2014,24.064934
Azerbaijan,2015,20.041388
Azerbaijan,2016,18.758047
Azerbaijan,2017,17.896297
Azerbaijan,2018,18.896074
Azerbaijan,2019,21.091812
Azerbaijan,2020,21.489046
Azerbaijan,2021,22.756945
Azerbaijan,2022,24.026594
Azerbaijan,2023,23.42494
Bahrain,2005,42.482014
Bahrain,2006,44.85711
Bahrain,2007,46.32268
Bahrain,2008,57.32776
Bahrain,2009,43.158474
Bahrain,2010,47.78182
Bahrain,2011,52.89615
Bahrain,2012,62.00394
Bahrain,2013,57.060196
Bahrain,2014,54.83569
Bahrain,2015,47.574116
Bahrain,2016,43.852318
Bahrain,2017,48.03267
Bahrain,2018,48.81274
Bahrain,2019,55.19671
Bahrain,2020,59.894947
Bahrain,2021,58.983624
Bahrain,2022,60.703037
Bahrain,2023,52.4707
Bangladesh,1970,2.213981
Bangladesh,1971,2.1536076
Bangladesh,1972,2.0149913
Bangladesh,1973,1.6560234
Bangladesh,1974,1.628159
Bangladesh,1975,1.5152599
Bangladesh,1976,1.6439028
Bangladesh,1977,1.6920224
Bangladesh,1978,1.6738291
Bangladesh,1979,1.7122433
Bangladesh,1980,1.6457763
Bangladesh,1981,1.6344641
Bangladesh,1982,1.581181
Bangladesh,1983,1.562196
Bangladesh,1984,1.662818
Bangladesh,1985,1.6332095
Bangladesh,1986,1.5708897
Bangladesh,1987,1.5337934
Bangladesh,1988,1.5541079
Bangladesh,1989,1.67388
Bangladesh,1990,1.7534578
Bangladesh,1991,1.823917
Bangladesh,1992,1.866336
Bangladesh,1993,1.9026428
Bangladesh,1994,1.9779087
Bangladesh,1995,2.055064
Bangladesh,1996,2.1019523
Bangladesh,1997,2.0940034
Bangladesh,1998,2.0729196
Bangladesh,1999,2.008763
Bangladesh,2000,2.0774
Bangladesh,2001,2.1359174
Bangladesh,2002,2.2502403
Bangladesh,2003,2.319878
Bangladesh,2004,2.3747008
Bangladesh,2005,2.3492823
Bangladesh,2006,2.5158095
Bangladesh,2007,2.7723563
Bangladesh,2008,3.1103747
Bangladesh,2009,3.2620938
Bangladesh,2010,3.6318662
Bangladesh,2011,4.1323123
Bangladesh,2012,4.2812896
Bangladesh,2013,4.4289165
Bangladesh,2014,5.619635
Bangladesh,2015,5.2979045
Bangladesh,2016,5.667096
Bangladesh,2017,5.6209927
Bangladesh,2018,6.1247625
Bangladesh,2019,6.474508
Bangladesh,2020,7.110462
Bangladesh,2021,7.2778087
Bangladesh,2022,7.641493
Bangladesh,2023,7.7235928
Belarus,2005,15.565367
Belarus,2006,17.40476
Belarus,2007,19.1047
Belarus,2008,21.877363
Belarus,2009,21.172264
Belarus,2010,23.217619
Belarus,2011,26.330496
Belarus,2012,25.7187
Belarus,2013,26.34024
Belarus,2014,25.838018
Belarus,2015,26.693552
Belarus,2016,26.83052
Belarus,2017,27.673475
Belarus,2018,27.820972
Belarus,2019,30.700844
Belarus,2020,33.176353
Belarus,2021,34.202415
Belarus,2022,32.877697
Belarus,2023,35.130318
Belgium,1950,11.118179
Belgium,1951,11.644961
Belgium,1952,11.959363
Belgium,1953,12.392745
Belgium,1954,13.025532
Belgium,1955,13.679245
Belgium,1956,14.126443
Belgium,1957,14.341299
Belgium,1958,14.413265
Belgium,1959,15.024299
Belgium,1960,15.515339
Belgium,1961,16.309597
Belgium,1962,17.029314
Belgium,1963,17.682707
Belgium,1964,18.724998
Belgium,1965,19.433271
Belgium,1966,20.00714
Belgium,1967,20.98855
Belgium,1968,22.042124
Belgium,1969,23.14083
Belgium,1970,24.606722
Belgium,1971,25.537449
Belgium,1972,27.571096
Belgium,1973,29.683779
Belgium,1974,31.120346
Belgium,1975,31.571302
Belgium,1976,33.80869
Belgium,1977,34.995968
Belgium,1978,36.710358
Belgium,1979,37.9011
Belgium,1980,40.98624
Belgium,1981,40.350502
Belgium,1982,39.88197
Belgium,1983,39.050762
Belgium,1984,38.330788
Belgium,1985,36.191406
Belgium,1986,39.205723
Belgium,1987,41.612198
Belgium,1988,44.445614
Belgium,1989,45.404934
Belgium,1990,46.73307
Belgium,1991,48.588074
Belgium,1992,51.348923
Belgium,1993,53.685722
Belgium,1994,55.56042
Belgium,1995,57.097717
Belgium,1996,56.89613
Belgium,1997,58.597492
Belgium,1998,57.93025
Belgium,1999,59.663586
Belgium,2000,62.139027
Belgium,2001,62.25209
Belgium,2002,64.024666
Belgium,2003,65.09032
Belgium,2004,65.92736
Belgium,2005,71.186005
Belgium,2006,67.177864
Belgium,2007,68.505424
Belgium,2008,73.745995
Belgium,2009,72.62742
Belgium,2010,76.264084
Belgium,2011,77.29739
Belgium,2012,77.53464
Belgium,2013,77.65217
Belgium,2014,78.38158
Belgium,2015,75.51626
Belgium,2016,76.23308
Belgium,2017,77.49725
Belgium,2018,75.874306
Belgium,2019,79.80308
Belgium,2020,84.58761
Belgium,2021,83.71278
Belgium,2022,83.72426
Belgium,2023,84.40303
Bolivia,2005,4.5233727
Bolivia,2006,4.6502185
Bolivia,2007,4.8206244
Bolivia,2008,5.2708383
Bolivia,2009,5.466229
Bolivia,2010,6.013514
Bolivia,2011,6.611329
Bolivia,2012,7.2144227
Bolivia,2013,7.8868313
Bolivia,2014,7.8643084
Bolivia,2015,7.912816
Bolivia,2016,8.156295
Bolivia,2017,8.988842
Bolivia,2018,9.517692
Bolivia,2019,9.550994
Bolivia,2020,9.177021
Bolivia,2021,8.946004
Bolivia,2022,8.953775
Bolivia,2023,9.052226
Bosnia and Herzegovina,2005,17.927525
Bosnia and Herzegovina,2006,20.018959
Bosnia and Herzegovina,2007,21.090841
Bosnia and Herzegovina,2008,21.302977
Bosnia and Herzegovina,2009,22.701504
Bosnia and Herzegovina,2010,25.11025
Bosnia and Herzegovina,2011,27.564182
Bosnia and Herzegovina,2012,29.286215
Bosnia and Herzegovina,2013,29.146742
Bosnia and Herzegovina,2014,30.390177
Bosnia and Herzegovina,2015,32.79729
Bosnia and Herzegovina,2016,32.65131
Bosnia and Herzegovina,2017,32.866726
Bosnia and Herzegovina,2018,33.26323
Bosnia and Herzegovina,2019,35.82757
Bosnia and Herzegovina,2020,36.223686
Bosnia and Herzegovina,2021,36.544075
Bosnia and Herzegovina,2022,40.318443
Bosnia and Herzegovina,2023,39.94367
Botswana,2005,18.83313
Botswana,2006,19.017317
Botswana,2007,19.176157
Botswana,2008,23.279196
Botswana,2009,17.992584
Botswana,2010,19.079994
Botswana,2011,18.674496
Botswana,2012,16.874378
Botswana,2013,16.560192
Botswana,2014,18.408463
Botswana,2015,17.025078
Botswana,2016,17.902578
Botswana,2017,17.725166
Botswana,2018,16.56344
Botswana,2019,16.990244
Botswana,2020,14.97066
Botswana,2021,16.936792
Botswana,2022,18.871634
Botswana,2023,18.355179
Brazil,1950,2.6580622
Brazil,1951,2.6445198
Brazil,1952,2.8321826
Brazil,1953,2.840017
Brazil,1954,2.9806578
Brazil,1955,3.097796
Brazil,1956,3.1067822
Brazil,1957,3.2615092
Brazil,1958,3.3411016
Brazil,1959,3.3707
Brazil,1960,3.5729108
Brazil,1961,3.970823
Brazil,1962,4.1640086
Brazil,1963,4.324041
Brazil,1964,4.403841
Brazil,1965,4.5564365
Brazil,1966,4.644213
Brazil,1967,4.898555
Brazil,1968,5.256257
Brazil,1969,5.182735
Brazil,1970,5.7347217
Brazil,1971,6.106968
Brazil,1972,6.559861
Brazil,1973,6.6004715
Brazil,1974,7.076144
Brazil,1975,7.215088
Brazil,1976,7.658524
Brazil,1977,7.1707087
Brazil,1978,7.2422905
Brazil,1979,7.915856
Brazil,1980,7.489469
Brazil,1981,8.109056
Brazil,1982,7.844945
Brazil,1983,7.56964
Brazil,1984,7.6515555
Brazil,1985,7.5619655
Brazil,1986,8.29846
Brazil,1987,8.256027
Brazil,1988,8.033914
Brazil,1989,8.239551
Brazil,1990,7.8430142
Brazil,1991,8.4976425
Brazil,1992,8.7095375
Brazil,1993,9.376981
Brazil,1994,10.456339
Brazil,1995,12.240183
Brazil,1996,15.01384
Brazil,1997,14.363874
Brazil,1998,13.839823
Brazil,1999,12.9208555
Brazil,2000,12.489104
Brazil,2001,12.356733
Brazil,2002,12.234266
Brazil,2003,11.989907
Brazil,2004,12.04281
Brazil,2005,12.276319
Brazil,2006,12.995927
Brazil,2007,14.311291
Brazil,2008,15.594543
Brazil,2009,16.711393
Brazil,2010,18.358423
Brazil,2011,20.073565
Brazil,2012,19.9987
Brazil,2013,19.691858
Brazil,2014,19.440182
Brazil,2015,18.425562
Brazil,2016,17.969023
Brazil,2017,18.362206
Brazil,2018,18.884848
Brazil,2019,19.152273
Brazil,2020,21.786406
Brazil,2021,20.220608
Brazil,2022,19.474848
Brazil,2023,19.95744
Bulgaria,1995,17.804731
Bulgaria,1996,17.086872
Bulgaria,1997,13.340294
Bulgaria,1998,16.46134
Bulgaria,1999,16.544697
Bulgaria,2000,18.275629
Bulgaria,2001,19.692627
Bulgaria,2002,20.167849
Bulgaria,2003,20.071693
Bulgaria,2004,19.960627
Bulgaria,2005,21.04667
Bulgaria,2006,21.857475
Bulgaria,2007,22.972294
Bulgaria,2008,23.358082
Bulgaria,2009,24.498455
Bulgaria,2010,26.328436
Bulgaria,2011,26.634476
Bulgaria,2012,27.623789
Bulgaria,2013,25.929907
Bulgaria,2014,26.445684
Bulgaria,2015,26.94714
Bulgaria,2016,28.499924
Bulgaria,2017,28.426071
Bulgaria,2018,29.041069
Bulgaria,2019,30.631517
Bulgaria,2020,31.310415
Bulgaria,2021,34.628296
Bulgaria,2022,35.29849
Bulgaria,2023,37.252995
Burkina Faso,2005,2.136193
Burkina Faso,2006,2.2053964
Burkina Faso,2007,2.1193714
Burkina Faso,2008,2.0722482
Burkina Faso,2009,2.0316849
Burkina Faso,2010,2.1869826
Burkina Faso,2011,2.3148117
Burkina Faso,2012,2.541213
Burkina Faso,2013,2.6275983
Burkina Faso,2014,2.4693696
Burkina Faso,2015,2.5045874
Burkina Faso,2016,2.7159967
Burkina Faso,2017,2.8176086
Burkina Faso,2018,2.7876816
Burkina Faso,2019,2.7873802
Burkina Faso,2020,2.9209998
Burkina Faso,2021,2.9802737
Burkina Faso,2022,3.094445
Burkina Faso,2023,3.0786953
Cambodia,1970,1.8552336
Cambodia,1971,2.0158563
Cambodia,1972,1.6940527
Cambodia,1973,1.3523636
Cambodia,1974,1.2251512
Cambodia,1975,1.2105685
Cambodia,1976,1.2807078
Cambodia,1977,1.1748192
Cambodia,1978,1.2667753
Cambodia,1979,1.1232378
Cambodia,1980,1.0448102
Cambodia,1981,1.0208759
Cambodia,1982,0.99254817
Cambodia,1983,1.0057755
Cambodia,1984,1.02203
Cambodia,1985,1.0364385
Cambodia,1986,1.0418832
Cambodia,1987,1.2281226
Cambodia,1988,1.334635
Cambodia,1989,1.3635664
Cambodia,1990,1.315637
Cambodia,1991,1.3003417
Cambodia,1992,1.5906717
Cambodia,1993,1.3764054
Cambodia,1994,1.5024735
Cambodia,1995,1.5822915
Cambodia,1996,1.4520738
Cambodia,1997,1.4805099
Cambodia,1998,1.3514644
Cambodia,1999,1.4081968
Cambodia,2000,1.4361778
Cambodia,2001,1.3703396
Cambodia,2002,1.4018564
Cambodia,2003,1.5582962
Cambodia,2004,1.7363517
Cambodia,2005,2.109186
Cambodia,2006,2.2427537
Cambodia,2007,2.5027134
Cambodia,2008,2.9862664
Cambodia,2009,2.543019
Cambodia,2010,2.6773381
Cambodia,2011,2.8236194
Cambodia,2012,3.151878
Cambodia,2013,3.4963384
Cambodia,2014,3.612143
Cambodia,2015,4.077469
Cambodia,2016,4.3408914
Cambodia,2017,4.3746815
Cambodia,2018,4.661516
Cambodia,2019,5.0023537
Cambodia,2020,4.8682623
Cambodia,2021,4.8289633
Cambodia,2022,4.8536444
Cambodia,2023,4.6236663
Cameroon,2005,4.117959
Cameroon,2006,4.1287117
Cameroon,2007,4.095379
Cameroon,2008,4.215469
Cameroon,2009,4.2895923
Cameroon,2010,4.4185743
Cameroon,2011,4.448581
Cameroon,2012,4.5350537
Cameroon,2013,4.535044
Cameroon,2014,4.58376
Cameroon,2015,4.8386984
Cameroon,2016,5.116122
Cameroon,2017,5.307827
Cameroon,2018,5.804297
Cameroon,2019,6.166249
Cameroon,2020,6.373904
Cameroon,2021,6.6027822
Cameroon,2022,6.499581
Cameroon,2023,6.436833
Canada,1950,14.508715
Canada,1951,14.731884
Canada,1952,15.973271
Canada,1953,16.636812
Canada,1954,16.778305
Canada,1955,18.181902
Canada,1956,18.963818
Canada,1957,19.38548
Canada,1958,20.613089
Canada,1959,21.111195
Canada,1960,22.09001
Canada,1961,23.215847
Canada,1962,24.11554
Canada,1963,25.020016
Canada,1964,26.018246
Canada,1965,26.745342
Canada,1966,27.938782
Canada,1967,28.39859
Canada,1968,30.24471
Canada,1969,31.15758
Canada,1970,32.377205
Canada,1971,33.446392
Canada,1972,34.377335
Canada,1973,35.104023
Canada,1974,34.578342
Canada,1975,35.02049
Canada,1976,36.76421
Canada,1977,37.828274
Canada,1978,38.174896
Canada,1979,37.90529
Canada,1980,37.709152
Canada,1981,38.13155
Canada,1982,38.99436
Canada,1983,40.144096
Canada,1984,41.60429
Canada,1985,41.098915
Canada,1986,40.635685
Canada,1987,42.006126
Canada,1988,42.58739
Canada,1989,43.32276
Canada,1990,43.533283
Canada,1991,43.66975
Canada,1992,44.59597
Canada,1993,45.34177
Canada,1994,46.364975
Canada,1995,47.944138
Canada,1996,48.277153
Canada,1997,48.82593
Canada,1998,48.338005
Canada,1999,50.274673
Canada,2000,52.643627
Canada,2001,52.326077
Canada,2002,52.195503
Canada,2003,53.81343
Canada,2004,54.890476
Canada,2005,58.451057
Canada,2006,58.050117
Canada,2007,58.131107
Canada,2008,59.88945
Canada,2009,55.785572
Canada,2010,58.41481
Canada,2011,61.105362
Canada,2012,60.37233
Canada,2013,61.309326
Canada,2014,63.82717
Canada,2015,59.803795
Canada,2016,60.476627
Canada,2017,62.09614
Canada,2018,61.829838
Canada,2019,60.960705
Canada,2020,66.48789
Canada,2021,63.506805
Canada,2022,63.224323
Canada,2023,61.964104
Chad,2005,3.5781677
Chad,2006,3.590102
Chad,2007,3.8557522
Chad,2008,4.010267
Chad,2009,3.6784136
Chad,2010,4.7591233
Chad,2011,4.568066
Chad,2012,4.9290338
Chad,2013,4.3406982
Chad,2014,4.504975
Chad,2015,5.0558825
Chad,2016,4.5678473
Chad,2017,4.452812
Chad,2018,4.636362
Chad,2019,4.731496
Chad,2020,4.734492
Chad,2021,4.307704
Chad,2022,4.2373214
Chad,2023,3.9593906
Chile,1951,6.3232145
Chile,1952,6.8188605
Chile,1953,6.8507123
Chile,1954,7.422566
Chile,1955,7.1715746
Chile,1956,7.0421796
Chile,1957,7.5785165
Chile,1958,7.797632
Chile,1959,7.8092175
Chile,1960,8.200655
Chile,1961,7.8503838
Chile,1962,9.77456
Chile,1963,10.11511
Chile,1964,10.3746605
Chile,1965,9.852619
Chile,1966,10.739054
Chile,1967,12.027088
Chile,1968,11.652254
Chile,1969,12.104663
Chile,1970,12.736572
Chile,1971,13.218885
Chile,1972,12.579678
Chile,1973,12.274743
Chile,1974,12.352875
Chile,1975,10.566433
Chile,1976,10.688353
Chile,1977,11.206259
Chile,1978,11.777471
Chile,1979,12.322819
Chile,1980,12.347094
Chile,1981,12.43097
Chile,1982,11.631956
Chile,1983,10.488575
Chile,1984,10.381391
Chile,1985,9.930942
Chile,1986,8.999759
Chile,1987,9.519868
Chile,1988,10.16236
Chile,1989,10.688225
Chile,1990,10.627448
Chile,1991,11.361919
Chile,1992,12.303191
Chile,1993,13.114415
Chile,1994,14.512706
Chile,1995,16.344078
Chile,1996,16.965132
Chile,1997,17.206074
Chile,1998,16.32648
Chile,1999,15.881735
Chile,2000,16.072504
Chile,2001,15.915101
Chile,2002,15.618626
Chile,2003,16.125267
Chile,2004,17.479486
Chile,2005,19.48057
Chile,2006,22.0159
Chile,2007,23.69634
Chile,2008,23.327753
Chile,2009,23.613308
Chile,2010,26.699575
Chile,2011,29.014107
Chile,2012,30.161224
Chile,2013,30.158035
Chile,2014,31.00204
Chile,2015,30.265446
Chile,2016,30.035727
Chile,2017,31.151522
Chile,2018,31.849947
Chile,2019,31.90617
Chile,2020,36.512775
Chile,2021,34.831936
Chile,2022,32.37638
Chile,2023,32.017334
China,1952,0.50352126
China,1953,0.5280399
China,1954,0.5332932
China,1955,0.5313317
China,1956,0.55289006
China,1957,0.55948764
China,1958,0.55898005
China,1959,0.51997596
China,1960,0.5917165
China,1961,0.5288869
China,1962,0.5503502
China,1963,0.5598834
China,1964,0.61575925
China,1965,0.6761342
China,1966,0.707887
China,1967,0.67365664
China,1968,0.62512565
China,1969,0.655309
China,1970,0.6897339
China,1971,0.71254194
China,1972,0.71916765
China,1973,0.7577086
China,1974,0.7571955
China,1975,0.7855423
China,1976,0.7509302
China,1977,0.79265386
China,1978,0.87405145
China,1979,0.89695245
China,1980,0.9160369
China,1981,0.90193015
China,1982,0.92329454
China,1983,0.9985979
China,1984,1.1408094
China,1985,1.2886107
China,1986,1.3471484
China,1987,1.4340891
China,1988,1.5294375
China,1989,1.5231005
China,1990,1.5250864
China,1991,1.6451836
China,1992,1.8713093
China,1993,2.1127315
China,1994,2.3124347
China,1995,2.5046108
China,1996,2.7279365
China,1997,2.8579865
China,1998,3.0277374
China,1999,3.2503235
China,2000,3.5005732
China,2001,3.759835
China,2002,4.0382023
China,2003,4.391763
China,2004,4.851698
China,2005,5.267778
China,2006,5.6809525
China,2007,6.485825
China,2008,7.0976367
China,2009,7.616226
China,2010,8.044041
China,2011,8.914549
China,2012,9.499309
China,2013,9.730016
China,2014,10.327312
China,2015,10.865309
China,2016,11.403435
China,2017,12.222228
China,2018,13.1396885
China,2019,14.174832
China,2020,15.131998
China,2021,16.498594
China,2022,16.89764
China,2023,17.692911
Colombia,1950,4.722355
Colombia,1951,4.7201657
Colombia,1952,4.9607472
Colombia,1953,5.318061
Colombia,1954,5.7496996
Colombia,1955,5.8763423
Colombia,1956,5.911012
Colombia,1957,5.803307
Colombia,1958,5.7083116
Colombia,1959,5.9585376
Colombia,1960,6.194988
Colombia,1961,6.4361324
Colombia,1962,6.5820093
Colombia,1963,6.619188
Colombia,1964,7.011401
Colombia,1965,6.857901
Colombia,1966,7.016034
Colombia,1967,7.0628605
Colombia,1968,7.284961
Colombia,1969,7.54673
Colombia,1970,7.8759995
Colombia,1971,8.469117
Colombia,1972,9.041544
Colombia,1973,9.733594
Colombia,1974,10.206611
Colombia,1975,10.302425
Colombia,1976,10.697927
Colombia,1977,10.779145
Colombia,1978,11.360184
Colombia,1979,11.499985
Colombia,1980,11.8996
Colombia,1981,11.515094
Colombia,1982,11.434924
Colombia,1983,11.426153
Colombia,1984,11.642107
Colombia,1985,11.396164
Colombia,1986,11.778053
Colombia,1987,11.362095
Colombia,1988,11.363325
Colombia,1989,11.143924
Colombia,1990,11.310183
Colombia,1991,10.729174
Colombia,1992,11.15061
Colombia,1993,11.080997
Colombia,1994,11.205122
Colombia,1995,11.230285
Colombia,1996,11.127763
Colombia,1997,11.192523
Colombia,1998,10.955719
Colombia,1999,10.5271015
Colombia,2000,10.21341
Colombia,2001,10.198837
Colombia,2002,9.7114525
Colombia,2003,9.767348
Colombia,2004,9.931048
Colombia,2005,10.149454
Colombia,2006,10.609034
Colombia,2007,10.973864
Colombia,2008,11.734323
Colombia,2009,12.035478
Colombia,2010,12.968755
Colombia,2011,14.149802
Colombia,2012,14.498014
Colombia,2013,14.470545
Colombia,2014,14.882218
Colombia,2015,14.291327
Colombia,2016,13.976612
Colombia,2017,14.206431
Colombia,2018,14.848378
Colombia,2019,15.812911
Colombia,2020,18.722904
Colombia,2021,16.696735
Colombia,2022,16.274612
Colombia,2023,16.155731
Congo,2005,5.821791
Congo,2006,5.954547
Congo,2007,4.61384
Congo,2008,6.2019157
Congo,2009,4.617296
Congo,2010,7.6556787
Congo,2011,8.3082075
Congo,2012,9.335106
Congo,2013,8.521385
Congo,2014,8.160242
Congo,2015,6.398696
Congo,2016,5.5865545
Congo,2017,5.6380725
Congo,2018,7.149206
Congo,2019,7.592559
Congo,2020,8.170757
Congo,2021,7.560773
Congo,2022,7.3132114
Congo,2023,7.180456
Costa Rica,1987,11.452317
Costa Rica,1988,11.492779
Costa Rica,1989,11.673306
Costa Rica,1990,11.541542
Costa Rica,1991,11.9497795
Costa Rica,1992,12.152337
Costa Rica,1993,12.657697
Costa Rica,1994,12.686207
Costa Rica,1995,13.005149
Costa Rica,1996,12.263796
Costa Rica,1997,12.401562
Costa Rica,1998,13.218425
Costa Rica,1999,12.923629
Costa Rica,2000,13.01467
Costa Rica,2001,13.490734
Costa Rica,2002,13.245444
Costa Rica,2003,13.478638
Costa Rica,2004,13.563847
Costa Rica,2005,14.271688
Costa Rica,2006,14.034568
Costa Rica,2007,14.085216
Costa Rica,2008,14.542016
Costa Rica,2009,15.662095
Costa Rica,2010,16.296036
Costa Rica,2011,16.582954
Costa Rica,2012,18.260124
Costa Rica,2013,18.215761
Costa Rica,2014,19.32357
Costa Rica,2015,20.299448
Costa Rica,2016,20.584156
Costa Rica,2017,22.276365
Costa Rica,2018,23.666555
Costa Rica,2019,25.819515
Costa Rica,2020,28.88059
Costa Rica,2021,27.334011
Costa Rica,2022,25.847595
Costa Rica,2023,27.285439
Cote d'Ivoire,2005,2.986724
Cote d'Ivoire,2006,3.0700104
Cote d'Ivoire,2007,3.195116
Cote d'Ivoire,2008,3.300522
Cote d'Ivoire,2009,3.4746032
Cote d'Ivoire,2010,3.7165446
Cote d'Ivoire,2011,3.9658678
Cote d'Ivoire,2012,4.583528
Cote d'Ivoire,2013,4.8817263
Cote d'Ivoire,2014,5.5416374
Cote d'Ivoire,2015,6.203406
Cote d'Ivoire,2016,6.3200502
Cote d'Ivoire,2017,6.6095223
Cote d'Ivoire,2018,6.9295163
Cote d'Ivoire,2019,7.540033
Cote d'Ivoire,2020,7.405891
Cote d'Ivoire,2021,7.335283
Cote d'Ivoire,2022,7.331769
Cote d'Ivoire,2023,7.606444
Croatia,1995,17.589096
Croatia,1996,18.237663
Croatia,1997,19.968214
Croatia,1998,20.987856
Croatia,1999,21.735947
Croatia,2000,23.514591
Croatia,2001,24.147898
Croatia,2002,26.128862
Croatia,2003,27.298973
Croatia,2004,27.773874
Croatia,2005,29.038477
Croatia,2006,29.08061
Croatia,2007,30.89751
Croatia,2008,32.01722
Croatia,2009,30.735718
Croatia,2010,31.073338
Croatia,2011,33.860638
Croatia,2012,35.85464
Croatia,2013,35.141396
Croatia,2014,34.43929
Croatia,2015,37.16969
Croatia,2016,38.39174
Croatia,2017,41.132244
Croatia,2018,39.25482
Croatia,2019,38.796227
Croatia,2020,35.67917
Croatia,2021,39.50393
Croatia,2022,41.07334
Croatia,2023,41.5619
Cyprus,1995,35.692833
Cyprus,1996,35.30229
Cyprus,1997,36.01037
Cyprus,1998,35.241863
Cyprus,1999,37.13651
Cyprus,2000,41.91559
Cyprus,2001,42.375515
Cyprus,2002,41.2168
Cyprus,2003,36.811447
Cyprus,2004,37.19426
Cyprus,2005,40.41551
Cyprus,2006,41.629475
Cyprus,2007,40.368713
Cyprus,2008,43.99252
Cyprus,2009,46.031357
Cyprus,2010,47.605515
Cyprus,2011,44.55793
Cyprus,2012,47.46698
Cyprus,2013,44.922203
Cyprus,2014,43.24122
Cyprus,2015,45.10033
Cyprus,2016,46.98066
Cyprus,2017,46.293346
Cyprus,2018,43.352467
Cyprus,2019,48.435753
Cyprus,2020,47.690174
Cyprus,2021,45.98839
Cyprus,2022,42.606274
Cyprus,2023,43.84825
Czechia,1993,25.860928
Czechia,1994,27.208624
Czechia,1995,28.352118
Czechia,1996,29.496294
Czechia,1997,28.648998
Czechia,1998,27.755621
Czechia,1999,27.824385
Czechia,2000,28.797884
Czechia,2001,31.558556
Czechia,2002,31.330708
Czechia,2003,32.832714
Czechia,2004,33.4945
Czechia,2005,35.115566
Czechia,2006,35.70811
Czechia,2007,38.58749
Czechia,2008,37.7356
Czechia,2009,37.5656
Czechia,2010,38.408417
Czechia,2011,40.709778
Czechia,2012,41.04866
Czechia,2013,40.476345
Czechia,2014,41.997353
Czechia,2015,42.950813
Czechia,2016,43.276096
Czechia,2017,45.38103
Czechia,2018,45.92363
Czechia,2019,49.792152
Czechia,2020,51.3602
Czechia,2021,51.39281
Czechia,2022,51.131226
Czechia,2023,50.677856
Democratic Republic of Congo,2005,1.0138345
Democratic Republic of Congo,2006,1.0862719
Democratic Republic of Congo,2007,1.1386207
Democratic Republic of Congo,2008,1.1118417
Democratic Republic of Congo,2009,1.1227409
Democratic Republic of Congo,2010,1.2352985
Democratic Republic of Congo,2011,1.3118428
Democratic Republic of Congo,2012,1.376266
Democratic Republic of Congo,2013,1.4620652
Democratic Republic of Congo,2014,1.5737215
Democratic Republic of Congo,2015,1.6738734
Democratic Republic of Congo,2016,1.863896
Democratic Republic of Congo,2017,1.7461326
Democratic Republic of Congo,2018,1.8353372
Democratic Republic of Congo,2019,1.805877
Democratic Republic of Congo,2020,1.9609785
Democratic Republic of Congo,2021,1.7932177
Democratic Republic of Congo,2022,1.7827964
Democratic Republic of Congo,2023,1.8236994
Denmark,1950,12.490285
Denmark,1951,12.221698
Denmark,1952,12.692417
Denmark,1953,13.288321
Denmark,1954,13.713108
Denmark,1955,13.807495
Denmark,1956,14.265906
Denmark,1957,15.048125
Denmark,1958,15.403815
Denmark,1959,16.43512
Denmark,1960,17.233078
Denmark,1961,17.953915
Denmark,1962,18.419378
Denmark,1963,18.373617
Denmark,1964,19.341587
Denmark,1965,19.69297
Denmark,1966,19.761168
Denmark,1967,21.138418
Denmark,1968,22.688044
Denmark,1969,24.175169
Denmark,1970,24.490164
Denmark,1971,25.751982
Denmark,1972,27.12198
Denmark,1973,28.663197
Denmark,1974,28.815826
Denmark,1975,30.134491
Denmark,1976,31.131123
Denmark,1977,32.515266
Denmark,1978,33.701183
Denmark,1979,34.941
Denmark,1980,34.93212
Denmark,1981,34.90648
Denmark,1982,35.16844
Denmark,1983,35.56827
Denmark,1984,35.885788
Denmark,1985,35.916016
Denmark,1986,37.697536
Denmark,1987,39.56505
Denmark,1988,40.684456
Denmark,1989,41.7479
Denmark,1990,43.7463
Denmark,1991,44.715145
Denmark,1992,46.571014
Denmark,1993,47.35203
Denmark,1994,50.14378
Denmark,1995,51.199394
Denmark,1996,52.86117
Denmark,1997,54.022552
Denmark,1998,54.50454
Denmark,1999,55.87614
Denmark,2000,58.387703
Denmark,2001,57.93497
Denmark,2002,58.694958
Denmark,2003,59.00302
Denmark,2004,61.873425
Denmark,2005,64.562225
Denmark,2006,64.97579
Denmark,2007,66.43892
Denmark,2008,69.79276
Denmark,2009,69.93462
Denmark,2010,75.33401
Denmark,2011,77.95425
Denmark,2012,78.593475
Denmark,2013,77.19141
Denmark,2014,77.33569
Denmark,2015,75.94151
Denmark,2016,77.22661
Denmark,2017,80.47136
Denmark,2018,81.621376
Denmark,2019,85.80067
Denmark,2020,89.233696
Denmark,2021,90.23293
Denmark,2022,89.954384
Denmark,2023,88.71552
Dominican Republic,1990,8.796212
Dominican Republic,1991,8.44252
Dominican Republic,1992,9.278705
Dominican Republic,1993,9.712805
Dominican Republic,1994,10.105055
Dominican Republic,1995,10.230078
Dominican Republic,1996,10.651945
Dominican Republic,1997,11.128914
Dominican Republic,1998,11.19928
Dominican Republic,1999,11.469443
Dominican Republic,2000,11.725638
Dominican Republic,2001,13.234211
Dominican Republic,2002,13.081678
Dominican Republic,2003,12.213278
Dominican Republic,2004,12.229299
Dominican Republic,2005,13.452188
Dominican Republic,2006,14.656587
Dominican Republic,2007,15.510447
Dominican Republic,2008,15.146242
Dominican Republic,2009,15.996276
Dominican Republic,2010,16.882969
Dominican Republic,2011,16.710257
Dominican Republic,2012,16.650057
Dominican Republic,2013,16.330427
Dominican Republic,2014,16.183693
Dominican Republic,2015,17.29425
Dominican Republic,2016,18.247055
Dominican Republic,2017,18.449303
Dominican Republic,2018,19.147604
Dominican Republic,2019,20.977322
Dominican Republic,2020,24.512321
Dominican Republic,2021,23.391329
Dominican Republic,2022,23.578236
Dominican Republic,2023,23.229465
Ecuador,1995,9.261361
Ecuador,1996,9.187274
Ecuador,1997,8.364782
Ecuador,1998,7.9360647
Ecuador,1999,8.422218
Ecuador,2000,8.662809
Ecuador,2001,8.401136
Ecuador,2002,8.94394
Ecuador,2003,9.249545
Ecuador,2004,10.052685
Ecuador,2005,11.528501
Ecuador,2006,12.330692
Ecuador,2007,12.913231
Ecuador,2008,13.958872
Ecuador,2009,13.358304
Ecuador,2010,14.165374
Ecuador,2011,15.599268
Ecuador,2012,16.56428
Ecuador,2013,17.69892
Ecuador,2014,17.77508
Ecuador,2015,16.144073
Ecuador,2016,16.277296
Ecuador,2017,17.066547
Ecuador,2018,17.376074
Ecuador,2019,18.040695
Ecuador,2020,19.378742
Ecuador,2021,18.548458
Ecuador,2022,18.939865
Ecuador,2023,18.797377
Egypt,2005,11.516994
Egypt,2006,12.0747385
Egypt,2007,12.995851
Egypt,2008,15.179346
Egypt,2009,15.666975
Egypt,2010,17.15166
Egypt,2011,20.174463
Egypt,2012,23.249084
Egypt,2013,22.70011
Egypt,2014,21.732351
Egypt,2015,22.24853
Egypt,2016,23.009645
Egypt,2017,22.965277
Egypt,2018,25.19107
Egypt,2019,25.790623
Egypt,2020,31.196522
Egypt,2021,29.50559
Egypt,2022,28.651329
Egypt,2023,28.79086
Estonia,1995,14.1422615
Estonia,1996,15.543741
Estonia,1997,16.209692
Estonia,1998,16.253605
Estonia,1999,17.334574
Estonia,2000,19.571894
Estonia,2001,20.587934
Estonia,2002,21.935745
Estonia,2003,22.333717
Estonia,2004,23.448483
Estonia,2005,26.179033
Estonia,2006,26.70977
Estonia,2007,29.809814
Estonia,2008,30.719822
Estonia,2009,32.58019
Estonia,2010,34.99152
Estonia,2011,37.206036
Estonia,2012,39.64116
Estonia,2013,39.647835
Estonia,2014,40.512623
Estonia,2015,38.552685
Estonia,2016,39.751358
Estonia,2017,41.171707
Estonia,2018,44.438168
Estonia,2019,47.559307
Estonia,2020,50.410362
Estonia,2021,52.98748
Estonia,2022,50.403057
Estonia,2023,46.154022
Ethiopia,2005,1.434472
Ethiopia,2006,1.4007983
Ethiopia,2007,1.5934602
Ethiopia,2008,1.66951
Ethiopia,2009,1.6917195
Ethiopia,2010,1.9098954
Ethiopia,2011,2.0408325
Ethiopia,2012,2.1170835
Ethiopia,2013,2.1767101
Ethiopia,2014,2.5861454
Ethiopia,2015,2.722609
Ethiopia,2016,2.9846203
Ethiopia,2017,3.058945
Ethiopia,2018,3.1436656
Ethiopia,2019,3.4065216
Ethiopia,2020,3.870248
Ethiopia,2021,4.2449546
Ethiopia,2022,4.3578606
Ethiopia,2023,4.458747
Finland,1950,6.790675
Finland,1951,7.6296616
Finland,1952,7.787192
Finland,1953,7.7132044
Finland,1954,8.512514
Finland,1955,9.180508
Finland,1956,9.328865
Finland,1957,9.401482
Finland,1958,9.430289
Finland,1959,10.151761
Finland,1960,11.167162
Finland,1961,12.053591
Finland,1962,12.397303
Finland,1963,12.510999
Finland,1964,12.754318
Finland,1965,13.374153
Finland,1966,13.931713
Finland,1967,14.751926
Finland,1968,15.87951
Finland,1969,17.371788
Finland,1970,18.42959
Finland,1971,19.266727
Finland,1972,20.57378
Finland,1973,21.76383
Finland,1974,22.508266
Finland,1975,22.844862
Finland,1976,23.166557
Finland,1977,23.887642
Finland,1978,25.091757
Finland,1979,26.740616
Finland,1980,27.805735
Finland,1981,27.902117
Finland,1982,28.112427
Finland,1983,28.75412
Finland,1984,29.481054
Finland,1985,29.699072
Finland,1986,32.078014
Finland,1987,33.218998
Finland,1988,35.585327
Finland,1989,36.602043
Finland,1990,37.359497
Finland,1991,36.757362
Finland,1992,38.044975
Finland,1993,40.297012
Finland,1994,43.175785
Finland,1995,47.177303
Finland,1996,46.399403
Finland,1997,48.937263
Finland,1998,51.990208
Finland,1999,53.481224
Finland,2000,55.383022
Finland,2001,55.84865
Finland,2002,55.7608
Finland,2003,56.082157
Finland,2004,58.53743
Finland,2005,60.606853
Finland,2006,60.5608
Finland,2007,64.30976
Finland,2008,65.480774
Finland,2009,62.864017
Finland,2010,64.69934
Finland,2011,66.40329
Finland,2012,65.64078
Finland,2013,63.076878
Finland,2014,63.709225
Finland,2015,64.56952
Finland,2016,65.81687
Finland,2017,67.742004
Finland,2018,66.70301
Finland,2019,69.871284
Finland,2020,71.64948
Finland,2021,72.21261
Finland,2022,70.495186
Finland,2023,69.63438
France,1950,7.7826757
France,1951,8.112153
France,1952,8.379583
France,1953,8.8443575
France,1954,9.305894
France,1955,9.836484
France,1956,10.45877
France,1957,11.130271
France,1958,11.598659
France,1959,11.998623
France,1960,12.8927355
France,1961,13.680946
France,1962,14.536229
France,1963,15.471624
France,1964,16.263643
France,1965,17.078272
France,1966,17.930405
France,1967,19.077147
France,1968,20.176243
France,1969,22.069056
France,1970,23.322165
France,1971,24.64124
France,1972,26.477339
France,1973,28.29802
France,1974,29.973028
France,1975,30.492315
France,1976,31.234888
France,1977,32.96775
France,1978,35.536896
France,1979,36.89834
France,1980,37.68234
France,1981,37.408974
France,1982,38.74907
France,1983,38.58362
France,1984,38.564266
France,1985,38.72428
France,1986,40.857723
France,1987,41.4312
France,1988,42.895493
France,1989,44.321278
France,1990,45.47389
France,1991,45.883667
France,1992,47.14731
France,1993,47.99465
France,1994,48.85685
France,1995,50.27979
France,1996,51.13975
France,1997,53.63146
France,1998,55.73289
France,1999,56.734753
France,2000,59.59324
France,2001,61.51625
France,2002,63.588486
France,2003,60.832603
France,2004,61.278027
France,2005,63.988853
France,2006,65.12917
France,2007,66.86444
France,2008,67.040504
France,2009,66.91059
France,2010,68.51237
France,2011,70.49767
France,2012,71.08738
France,2013,70.648125
France,2014,71.26861
France,2015,72.26746
France,2016,72.82366
France,2017,74.38966
France,2018,74.25583
France,2019,80.23372
France,2020,81.77437
France,2021,78.91601
France,2022,77.588234
France,2023,77.668205
Gabon,2005,30.73309
Gabon,2006,29.156263
Gabon,2007,30.19786
Gabon,2008,35.270332
Gabon,2009,22.21868
Gabon,2010,25.480875
Gabon,2011,34.33747
Gabon,2012,30.204332
Gabon,2013,30.581564
Gabon,2014,30.14725
Gabon,2015,28.519707
Gabon,2016,27.675024
Gabon,2017,27.83088
Gabon,2018,28.109964
Gabon,2019,29.801157
Gabon,2020,32.62525
Gabon,2021,35.11949
Gabon,2022,35.19077
Gabon,2023,33.268917
Georgia,2005,14.98912
Georgia,2006,18.32415
Georgia,2007,21.1719
Georgia,2008,22.156137
Georgia,2009,22.791471
Georgia,2010,24.147573
Georgia,2011,26.242535
Georgia,2012,27.073835
Georgia,2013,28.00136
Georgia,2014,28.779175
Georgia,2015,30.09388
Georgia,2016,32.191864
Georgia,2017,35.574593
Georgia,2018,34.644398
Georgia,2019,38.052338
Georgia,2020,41.4111
Georgia,2021,43.231712
Georgia,2022,44.70829
Georgia,2023,46.887165
Germany,1950,5.398649
Germany,1951,5.926178
Germany,1952,6.420325
Germany,1953,6.8780117
Germany,1954,7.326603
Germany,1955,8.156726
Germany,1956,8.709182
Germany,1957,9.135589
Germany,1958,9.47551
Germany,1959,10.272338
Germany,1960,11.210408
Germany,1961,11.691195
Germany,1962,12.299276
Germany,1963,12.750291
Germany,1964,13.600448
Germany,1965,14.331905
Germany,1966,14.96189
Germany,1967,15.444134
Germany,1968,16.38126
Germany,1969,17.604475
Germany,1970,18.499783
Germany,1971,19.4526
Germany,1972,20.601288
Germany,1973,21.908606
Germany,1974,22.856144
Germany,1975,23.842072
Germany,1976,24.980808
Germany,1977,26.130478
Germany,1978,27.097204
Germany,1979,28.111506
Germany,1980,28.47507
Germany,1981,28.204489
Germany,1982,27.91856
Germany,1983,28.313047
Germany,1984,28.651363
Germany,1985,28.875738
Germany,1986,31.190838
Germany,1987,32.78944
Germany,1988,34.410908
Germany,1989,36.066418
Germany,1990,39.499382
Germany,1991,43.37597
Germany,1992,45.187477
Germany,1993,47.030697
Germany,1994,49.049942
Germany,1995,50.687958
Germany,1996,51.823856
Germany,1997,53.603516
Germany,1998,54.964676
Germany,1999,57.002277
Germany,2000,58.083973
Germany,2001,59.583893
Germany,2002,60.345882
Germany,2003,62.53588
Germany,2004,63.894978
Germany,2005,67.481415
Germany,2006,67.91674
Germany,2007,70.65134
Germany,2008,71.66557
Germany,2009,68.88706
Germany,2010,70.99874
Germany,2011,74.035706
Germany,2012,73.76013
Germany,2013,73.892365
Germany,2014,75.67106
Germany,2015,74.099724
Germany,2016,76.02909
Germany,2017,78.19524
Germany,2018,78.59967
Germany,2019,81.118675
Germany,2020,82.04048
Germany,2021,82.90917
Germany,2022,82.74721
Germany,2023,82.501175
Ghana,2005,5.511845
Ghana,2006,5.4192886
Ghana,2007,6.3293066
Ghana,2008,6.8371067
Ghana,2009,6.3728943
Ghana,2010,6.7201314
Ghana,2011,7.0698495
Ghana,2012,7.638496
Ghana,2013,7.875678
Ghana,2014,8.687737
Ghana,2015,8.222179
Ghana,2016,7.9721875
Ghana,2017,7.9013696
Ghana,2018,8.082425
Ghana,2019,8.805693
Ghana,2020,9.150618
Ghana,2021,9.427308
Ghana,2022,9.90034
Ghana,2023,10.032656
Greece,1951,3.917902
Greece,1952,3.8170063
Greece,1953,4.2948813
Greece,1954,4.3862567
Greece,1955,4.6584253
Greece,1956,5.045208
Greece,1957,5.4264503
Greece,1958,5.6640177
Greece,1959,5.8921084
Greece,1960,5.990583
Greece,1961,6.799292
Greece,1962,6.8086796
Greece,1963,7.8112373
Greece,1964,8.539397
Greece,1965,9.565035
Greece,1966,10.456668
Greece,1967,11.166481
Greece,1968,12.110415
Greece,1969,13.573545
Greece,1970,15.143444
Greece,1971,16.271564
Greece,1972,17.77961
Greece,1973,18.90981
Greece,1974,17.765348
Greece,1975,18.806425
Greece,1976,19.734903
Greece,1977,20.012377
Greece,1978,21.359673
Greece,1979,21.605627
Greece,1980,21.589666
Greece,1981,20.475496
Greece,1982,20.056498
Greece,1983,19.696243
Greece,1984,20.877497
Greece,1985,20.85754
Greece,1986,21.709446
Greece,1987,22.02932
Greece,1988,23.258696
Greece,1989,23.978022
Greece,1990,24.409918
Greece,1991,26.291782
Greece,1992,26.124716
Greece,1993,26.389612
Greece,1994,27.799145
Greece,1995,28.889275
Greece,1996,29.564573
Greece,1997,32.091225
Greece,1998,31.931044
Greece,1999,32.5649
Greece,2000,34.14118
Greece,2001,36.395542
Greece,2002,38.017967
Greece,2003,36.920322
Greece,2004,37.68432
Greece,2005,35.795254
Greece,2006,38.030193
Greece,2007,38.440254
Greece,2008,39.811615
Greece,2009,39.698597
Greece,2010,39.88448
Greece,2011,36.30221
Greece,2012,34.935993
Greece,2013,34.78587
Greece,2014,34.229015
Greece,2015,35.89035
Greece,2016,34.110714
Greece,2017,34.763412
Greece,2018,32.844246
Greece,2019,35.219307
Greece,2020,35.598457
Greece,2021,35.341057
Greece,2022,37.005333
Greece,2023,37.6641
Guatemala,2005,8.8409
Guatemala,2006,9.141973
Guatemala,2007,9.640011
Guatemala,2008,9.921935
Guatemala,2009,10.066008
Guatemala,2010,10.46881
Guatemala,2011,10.805719
Guatemala,2012,10.412385
Guatemala,2013,11.1281395
Guatemala,2014,11.313834
Guatemala,2015,11.321547
Guatemala,2016,11.399208
Guatemala,2017,11.924084
Guatemala,2018,12.006821
Guatemala,2019,11.980206
Guatemala,2020,12.560625
Guatemala,2021,13.51357
Guatemala,2022,13.499698
Guatemala,2023,13.102659
Hong Kong,1960,6.91088
Hong Kong,1961,7.017639
Hong Kong,1962,7.53404
Hong Kong,1963,8.291227
Hong Kong,1964,8.82427
Hong Kong,1965,9.814885
Hong Kong,1966,10.048908
Hong Kong,1967,10.14527
Hong Kong,1968,10.47406
Hong Kong,1969,11.395108
Hong Kong,1970,12.2840185
Hong Kong,1971,12.469036
Hong Kong,1972,13.123523
Hong Kong,1973,14.30456
Hong Kong,1974,14.006285
Hong Kong,1975,13.420646
Hong Kong,1976,14.815519
Hong Kong,1977,15.731484
Hong Kong,1978,16.470901
Hong Kong,1979,18.656174
Hong Kong,1980,19.416595
Hong Kong,1981,19.439667
Hong Kong,1982,20.01358
Hong Kong,1983,21.17172
Hong Kong,1984,22.434954
Hong Kong,1985,21.747705
Hong Kong,1986,24.062424
Hong Kong,1987,28.280924
Hong Kong,1988,28.366432
Hong Kong,1989,31.028688
Hong Kong,1990,34.600857
Hong Kong,1991,35.600796
Hong Kong,1992,39.812172
Hong Kong,1993,40.30446
Hong Kong,1994,40.401436
Hong Kong,1995,41.75232
Hong Kong,1996,41.374428
Hong Kong,1997,42.14609
Hong Kong,1998,39.629986
Hong Kong,1999,39.854702
Hong Kong,2000,42.687355
Hong Kong,2001,44.916466
Hong Kong,2002,47.626526
Hong Kong,2003,49.682228
Hong Kong,2004,55.249252
Hong Kong,2005,57.907486
Hong Kong,2006,53.306545
Hong Kong,2007,54.959324
Hong Kong,2008,54.3283
Hong Kong,2009,49.659878
Hong Kong,2010,52.75171
Hong Kong,2011,55.867092
Hong Kong,2012,57.139427
Hong Kong,2013,63.139885
Hong Kong,2014,54.635815
Hong Kong,2015,47.188232
Hong Kong,2016,47.74261
Hong Kong,2017,46.566875
Hong Kong,2018,50.459385
Hong Kong,2019,50.8363
Hong Kong,2020,50.867935
Hong Kong,2021,52.480186
Hong Kong,2022,50.732952
Hong Kong,2023,51.521435
Hungary,1980,12.437788
Hungary,1981,12.724323
Hungary,1982,13.494509
Hungary,1983,13.569582
Hungary,1984,14.24163
Hungary,1985,14.443085
Hungary,1986,15.237488
Hungary,1987,16.033094
Hungary,1988,16.135792
Hungary,1989,16.893536
Hungary,1990,17.45562
Hungary,1991,16.998821
Hungary,1992,19.050795
Hungary,1993,21.66351
Hungary,1994,21.943613
Hungary,1995,22.626534
Hungary,1996,23.304245
Hungary,1997,23.20121
Hungary,1998,23.526487
Hungary,1999,23.798574
Hungary,2000,25.24496
Hungary,2001,27.715534
Hungary,2002,29.386816
Hungary,2003,29.400913
Hungary,2004,29.355461
Hungary,2005,32.128788
Hungary,2006,32.090454
Hungary,2007,33.15924
Hungary,2008,35.967438
Hungary,2009,36.418587
Hungary,2010,38.153374
Hungary,2011,39.523754
Hungary,2012,38.969757
Hungary,2013,38.185688
Hungary,2014,37.01669
Hungary,2015,36.505177
Hungary,2016,35.142975
Hungary,2017,36.77375
Hungary,2018,37.588276
Hungary,2019,40.447044
Hungary,2020,40.33771
Hungary,2021,41.586166
Hungary,2022,42.053265
Hungary,2023,42.33395
Iceland,1964,20.338007
Iceland,1965,21.515368
Iceland,1966,22.553175
Iceland,1967,22.310606
Iceland,1968,20.876795
Iceland,1969,22.070623
Iceland,1970,23.011883
Iceland,1971,26.773327
Iceland,1972,26.28041
Iceland,1973,28.782358
Iceland,1974,30.306004
Iceland,1975,30.38063
Iceland,1976,29.885754
Iceland,1977,34.313946
Iceland,1978,35.74364
Iceland,1979,37.359
Iceland,1980,38.635517
Iceland,1981,38.7739
Iceland,1982,39.024864
Iceland,1983,35.21162
Iceland,1984,38.106113
Iceland,1985,36.4909
Iceland,1986,38.727688
Iceland,1987,40.922512
Iceland,1988,43.445217
Iceland,1989,42.244976
Iceland,1990,42.869568
Iceland,1991,43.610477
Iceland,1992,41.841423
Iceland,1993,42.197754
Iceland,1994,43.960594
Iceland,1995,43.02846
Iceland,1996,43.589108
Iceland,1997,46.91536
Iceland,1998,47.922646
Iceland,1999,50.041344
Iceland,2000,47.932587
Iceland,2001,49.140614
Iceland,2002,51.287457
Iceland,2003,50.936623
Iceland,2004,54.001846
Iceland,2005,54.402416
Iceland,2006,49.622932
Iceland,2007,50.890667
Iceland,2008,58.005207
Iceland,2009,65.126686
Iceland,2010,62.326572
Iceland,2011,62.350258
Iceland,2012,64.15448
Iceland,2013,61.567177
Iceland,2014,61.276012
Iceland,2015,61.866894
Iceland,2016,59.73019
Iceland,2017,59.62731
Iceland,2018,60.940754
Iceland,2019,69.40397
Iceland,2020,68.74584
Iceland,2021,71.41531
Iceland,2022,73.57853
Iceland,2023,75.65175
India,1970,1.8563921
India,1971,1.878917
India,1972,1.8870599
India,1973,1.9446568
India,1974,1.8822644
India,1975,2.005659
India,1976,1.9245015
India,1977,1.8555336
India,1978,1.7657484
India,1979,1.6000904
India,1980,1.5914888
India,1981,1.5335773
India,1982,1.4583745
India,1983,1.4580262
India,1984,1.42141
India,1985,1.4057627
India,1986,1.4240447
India,1987,1.4580668
India,1988,1.5271368
India,1989,1.5882077
India,1990,1.6376243
India,1991,1.6474383
India,1992,1.6969699
India,1993,1.7432435
India,1994,1.8200936
India,1995,1.9488382
India,1996,2.0815794
India,1997,2.1527622
India,1998,2.3077326
India,1999,2.4382935
India,2000,2.491568
India,2001,2.5604465
India,2002,2.6292472
India,2003,2.7886992
India,2004,2.9644926
India,2005,3.3555307
India,2006,3.7615144
India,2007,4.198147
India,2008,4.394219
India,2009,4.632795
India,2010,5.305764
India,2011,5.688874
India,2012,6.124625
India,2013,5.977552
India,2014,6.2223783
India,2015,6.5521812
India,2016,6.953342
India,2017,7.24559
India,2018,7.784932
India,2019,7.462654
India,2020,7.2434587
India,2021,8.1161375
India,2022,8.083374
India,2023,8.060808
Indonesia,1970,2.5868757
Indonesia,1971,2.7101023
Indonesia,1972,2.992935
Indonesia,1973,3.1791582
Indonesia,1974,3.366228
Indonesia,1975,3.526383
Indonesia,1976,3.7370312
Indonesia,1977,3.983113
Indonesia,1978,4.2066264
Indonesia,1979,4.3738656
Indonesia,1980,4.5490937
Indonesia,1981,4.651606
Indonesia,1982,4.6233926
Indonesia,1983,4.7480135
Indonesia,1984,4.75227
Indonesia,1985,4.5865583
Indonesia,1986,4.497659
Indonesia,1987,4.4843903
Indonesia,1988,4.3893824
Indonesia,1989,4.5482106
Indonesia,1990,4.9584274
Indonesia,1991,5.302407
Indonesia,1992,5.6062984
Indonesia,1993,5.921878
Indonesia,1994,6.0197268
Indonesia,1995,6.442142
Indonesia,1996,6.887552
Indonesia,1997,6.869291
Indonesia,1998,5.2423105
Indonesia,1999,5.134975
Indonesia,2000,4.8264203
Indonesia,2001,4.826264
Indonesia,2002,4.9076347
Indonesia,2003,4.8394003
Indonesia,2004,5.1684403
Indonesia,2005,5.650079
Indonesia,2006,6.1959624
Indonesia,2007,6.6316214
Indonesia,2008,7.8130326
Indonesia,2009,8.514496
Indonesia,2010,9.7982855
Indonesia,2011,11.869345
Indonesia,2012,12.435625
Indonesia,2013,12.952612
Indonesia,2014,12.659839
Indonesia,2015,12.141558
Indonesia,2016,12.23478
Indonesia,2017,12.392845
Indonesia,2018,13.0068
Indonesia,2019,13.153089
Indonesia,2020,12.948369
Indonesia,2021,13.813761
Indonesia,2022,14.188509
Indonesia,2023,14.346768
Iran,2005,22.433914
Iran,2006,23.266853
Iran,2007,26.110178
Iran,2008,27.289228
Iran,2009,28.960026
Iran,2010,32.13408
Iran,2011,34.613083
Iran,2012,29.662748
Iran,2013,28.077633
Iran,2014,27.475029
Iran,2015,22.784134
Iran,2016,25.264742
Iran,2017,23.74372
Iran,2018,21.166508
Iran,2019,21.21639
Iran,2020,28.64602
Iran,2021,21.41469
Iran,2022,22.164333
Iran,2023,22.038479
Iraq,2005,15.281777
Iraq,2006,17.18833
Iraq,2007,19.927105
Iraq,2008,24.020754
Iraq,2009,27.142397
Iraq,2010,31.66424
Iraq,2011,37.468876
Iraq,2012,41.83891
Iraq,2013,41.71053
Iraq,2014,36.486603
Iraq,2015,26.025658
Iraq,2016,24.822353
Iraq,2017,30.271027
Iraq,2018,34.8939
Iraq,2019,36.41617
Iraq,2020,35.37982
Iraq,2021,38.306454
Iraq,2022,37.643612
Iraq,2023,36.02753
Israel,1981,33.937263
Israel,1982,33.300346
Israel,1983,33.56892
Israel,1984,33.021873
Israel,1985,33.60697
Israel,1986,33.921688
Israel,1987,35.600323
Israel,1988,36.131798
Israel,1989,35.417877
Israel,1990,33.858536
Israel,1991,35.349667
Israel,1992,36.157566
Israel,1993,35.89108
Israel,1994,36.06192
Israel,1995,37.40816
Israel,1996,38.678944
Israel,1997,39.565186
Israel,1998,40.808643
Israel,1999,41.279358
Israel,2000,43.60874
Israel,2001,45.636974
Israel,2002,45.242188
Israel,2003,43.84642
Israel,2004,42.976406
Israel,2005,42.21452
Israel,2006,41.33807
Israel,2007,39.988865
Israel,2008,38.613937
Israel,2009,40.101757
Israel,2010,41.042717
Israel,2011,42.041256
Israel,2012,43.03509
Israel,2013,43.534897
Israel,2014,43.45132
Israel,2015,44.12585
Israel,2016,44.817814
Israel,2017,44.61391
Israel,2018,41.96944
Israel,2019,42.248512
Israel,2020,45.382862
Israel,2021,45.79703
Israel,2022,45.329174
Israel,2023,46.17877
Italy,1950,5.8500447
Italy,1951,6.345042
Italy,1952,6.476618
Italy,1953,6.844891
Italy,1954,7.0218716
Italy,1955,7.4715695
Italy,1956,7.708971
Italy,1957,7.9718127
Italy,1958,8.272401
Italy,1959,8.821098
Italy,1960,9.57449
Italy,1961,10.385575
Italy,1962,11.260347
Italy,1963,12.0652895
Italy,1964,12.485863
Italy,1965,13.53985
Italy,1966,14.4079895
Italy,1967,15.073666
Italy,1968,16.1077
Italy,1969,17.216448
Italy,1970,19.60901
Italy,1971,20.68078
Italy,1972,21.87211
Italy,1973,23.438831
Italy,1974,25.10542
Italy,1975,25.452435
Italy,1976,27.470055
Italy,1977,29.435314
Italy,1978,31.547836
Italy,1979,34.046223
Italy,1980,35.58931
Italy,1981,34.920696
Italy,1982,34.13998
Italy,1983,33.71855
Italy,1984,34.045433
Italy,1985,34.21839
Italy,1986,35.919937
Italy,1987,37.264923
Italy,1988,38.361588
Italy,1989,39.995575
Italy,1990,41.605755
Italy,1991,42.3235
Italy,1992,43.560154
Italy,1993,44.59149
Italy,1994,46.7413
Italy,1995,48.957157
Italy,1996,49.492958
Italy,1997,51.241856
Italy,1998,52.790176
Italy,1999,53.541145
Italy,2000,54.765713
Italy,2001,55.51546
Italy,2002,53.204258
Italy,2003,52.36671
Italy,2004,52.286514
Italy,2005,53.438343
Italy,2006,54.01589
Italy,2007,56.36849
Italy,2008,57.795113
Italy,2009,57.79575
Italy,2010,58.415897
Italy,2011,60.869076
Italy,2012,60.95377
Italy,2013,60.57737
Italy,2014,60.517704
Italy,2015,60.275845
Italy,2016,62.454334
Italy,2017,63.58544
Italy,2018,62.97492
Italy,2019,65.8622
Italy,2020,68.21557
Italy,2021,68.10817
Italy,2022,68.23803
Italy,2023,67.24595
Jamaica,1986,7.5111227
Jamaica,1987,7.9184966
Jamaica,1988,7.971218
Jamaica,1989,7.76457
Jamaica,1990,8.301429
Jamaica,1991,7.9880033
Jamaica,1992,8.350536
Jamaica,1993,8.976048
Jamaica,1994,8.780737
Jamaica,1995,8.557294
Jamaica,1996,8.663814
Jamaica,1997,8.657555
Jamaica,1998,8.676959
Jamaica,1999,9.127175
Jamaica,2000,9.424597
Jamaica,2001,9.345383
Jamaica,2002,8.566368
Jamaica,2003,9.27422
Jamaica,2004,9.435917
Jamaica,2005,10.069793
Jamaica,2006,9.820955
Jamaica,2007,10.13409
Jamaica,2008,9.985479
Jamaica,2009,10.431489
Jamaica,2010,10.94098
Jamaica,2011,11.315962
Jamaica,2012,11.71804
Jamaica,2013,11.900149
Jamaica,2014,11.870486
Jamaica,2015,11.735018
Jamaica,2016,11.443997
Jamaica,2017,11.408021
Jamaica,2018,11.329076
Jamaica,2019,11.116047
Jamaica,2020,11.1236925
Jamaica,2021,11.36853
Jamaica,2022,10.883335
Jamaica,2023,10.500006
Japan,1950,3.4719505
Japan,1951,3.7757177
Japan,1952,4.1025615
Japan,1953,4.2329035
Japan,1954,4.335836
Japan,1955,4.4684486
Japan,1956,4.546973
Japan,1957,4.6510887
Japan,1958,4.8454666
Japan,1959,5.178795
Japan,1960,5.6126404
Japan,1961,6.065575
Japan,1962,6.555955
Japan,1963,7.006951
Japan,1964,7.6117196
Japan,1965,8.010024
Japan,1966,8.602083
Japan,1967,9.191813
Japan,1968,10.218461
Japan,1969,11.355441
Japan,1970,12.500562
Japan,1971,13.208523
Japan,1972,14.332234
Japan,1973,15.201617
Japan,1974,15.537899
Japan,1975,16.558746
Japan,1976,17.28906
Japan,1977,18.228266
Japan,1978,19.439905
Japan,1979,20.534294
Japan,1980,21.557663
Japan,1981,21.441792
Japan,1982,21.06356
Japan,1983,20.635586
Japan,1984,20.640759
Japan,1985,21.397434
Japan,1986,23.326965
Japan,1987,24.888906
Japan,1988,27.097591
Japan,1989,29.242212
Japan,1990,31.656733
Japan,1991,33.826954
Japan,1992,35.487663
Japan,1993,37.547256
Japan,1994,38.223274
Japan,1995,40.2015
Japan,1996,42.296825
Japan,1997,42.642437
Japan,1998,42.90856
Japan,1999,43.710182
Japan,2000,45.020416
Japan,2001,45.43232
Japan,2002,46.569473
Japan,2003,47.31541
Japan,2004,48.13347
Japan,2005,49.435562
Japan,2006,49.527164
Japan,2007,50.43969
Japan,2008,50.23082
Japan,2009,49.356903
Japan,2010,51.380127
Japan,2011,51.01339
Japan,2012,50.722515
Japan,2013,50.891685
Japan,2014,49.72513
Japan,2015,51.098133
Japan,2016,50.0244
Japan,2017,49.2588
Japan,2018,48.393433
Japan,2019,48.807823
Japan,2020,48.21869
Japan,2021,48.555424
Japan,2022,48.202896
Japan,2023,49.000053
Jordan,2005,11.859115
Jordan,2006,12.678817
Jordan,2007,13.097758
Jordan,2008,15.306282
Jordan,2009,16.751163
Jordan,2010,18.70598
Jordan,2011,22.272488
Jordan,2012,23.068405
Jordan,2013,22.94838
Jordan,2014,22.336058
Jordan,2015,20.072813
Jordan,2016,18.624786
Jordan,2017,19.599241
Jordan,2018,19.233986
Jordan,2019,18.61745
Jordan,2020,19.08391
Jordan,2021,18.672287
Jordan,2022,16.71004
Jordan,2023,16.379303
Kazakhstan,2005,13.893486
Kazakhstan,2006,16.667099
Kazakhstan,2007,18.915222
Kazakhstan,2008,21.434372
Kazakhstan,2009,20.287937
Kazakhstan,2010,23.497858
Kazakhstan,2011,28.283356
Kazakhstan,2012,28.997568
Kazakhstan,2013,30.454824
Kazakhstan,2014,30.431162
Kazakhstan,2015,28.705862
Kazakhstan,2016,28.926252
Kazakhstan,2017,30.83024
Kazakhstan,2018,30.004585
Kazakhstan,2019,34.4494
Kazakhstan,2020,36.95479
Kazakhstan,2021,35.812603
Kazakhstan,2022,35.64295
Kazakhstan,2023,37.569973
Kenya,2005,2.826362
Kenya,2006,3.0759826
Kenya,2007,3.2216182
Kenya,2008,3.267086
Kenya,2009,3.5648894
Kenya,2010,3.9132981
Kenya,2011,4.1123605
Kenya,2012,4.454724
Kenya,2013,4.663761
Kenya,2014,5.041246
Kenya,2015,5.5361843
Kenya,2016,5.7847333
Kenya,2017,6.111132
Kenya,2018,6.5443134
Kenya,2019,7.109526
Kenya,2020,7.3366227
Kenya,2021,7.523492
Kenya,2022,7.5669017
Kenya,2023,7.7701125
Kuwait,2005,73.79275
Kuwait,2006,79.99835
Kuwait,2007,76.15396
Kuwait,2008,88.30951
Kuwait,2009,62.26877
Kuwait,2010,65.496895
Kuwait,2011,78.189896
Kuwait,2012,82.62019
Kuwait,2013,77.87301
Kuwait,2014,68.34523
Kuwait,2015,43.624123
Kuwait,2016,41.381035
Kuwait,2017,43.14085
Kuwait,2018,46.236053
Kuwait,2019,45.809654
Kuwait,2020,48.220043
Kuwait,2021,46.68491
Kuwait,2022,43.3374
Kuwait,2023,37.383858
Kyrgyzstan,2005,4.430661
Kyrgyzstan,2006,5.0378933
Kyrgyzstan,2007,5.543575
Kyrgyzstan,2008,6.4064913
Kyrgyzstan,2009,6.316838
Kyrgyzstan,2010,6.1863008
Kyrgyzstan,2011,7.1753173
Kyrgyzstan,2012,7.6877375
Kyrgyzstan,2013,8.366298
Kyrgyzstan,2014,11.145361
Kyrgyzstan,2015,7.7262826
Kyrgyzstan,2018,8.839995
Kyrgyzstan,2019,8.824071
Kyrgyzstan,2020,9.205623
Kyrgyzstan,2021,8.897503
Kyrgyzstan,2022,10.51431
Kyrgyzstan,2023,12.121629
Latvia,1995,14.999943
Latvia,1996,14.981981
Latvia,1997,15.059661
Latvia,1998,16.234789
Latvia,1999,17.322245
Latvia,2000,18.661888
Latvia,2001,19.513866
Latvia,2002,20.475597
Latvia,2003,20.522976
Latvia,2004,21.492228
Latvia,2005,22.736782
Latvia,2006,23.280346
Latvia,2007,24.708496
Latvia,2008,26.198425
Latvia,2009,28.059578
Latvia,2010,30.8719
Latvia,2011,32.149395
Latvia,2012,33.910015
Latvia,2013,32.79807
Latvia,2014,34.407726
Latvia,2015,35.79208
Latvia,2016,36.694527
Latvia,2017,38.950283
Latvia,2018,38.739853
Latvia,2019,40.054237
Latvia,2020,41.9574
Latvia,2021,43.45259
Latvia,2022,43.02536
Latvia,2023,43.99355
Lebanon,2005,18.179987
Lebanon,2006,17.779432
Lebanon,2007,19.253906
Lebanon,2008,20.836359
Lebanon,2009,22.837755
Lebanon,2010,23.936813
Lebanon,2011,22.836386
Lebanon,2012,23.2049
Lebanon,2013,22.33844
Lebanon,2014,21.308762
Lebanon,2015,22.700865
Lebanon,2016,25.654816
Lebanon,2017,27.934513
Lebanon,2018,30.345118
Lebanon,2019,32.321648
Lebanon,2020,18.423698
Lebanon,2021,17.921291
Lebanon,2022,17.214817
Lebanon,2023,16.50731
Lithuania,1995,16.56673
Lithuania,1996,17.05228
Lithuania,1997,17.992344
Lithuania,1998,18.499681
Lithuania,1999,20.292135
Lithuania,2000,21.022623
Lithuania,2001,23.666027
Lithuania,2002,23.844006
Lithuania,2003,25.41317
Lithuania,2004,24.645527
Lithuania,2005,26.430372
Lithuania,2006,28.07162
Lithuania,2007,29.371418
Lithuania,2008,30.542763
Lithuania,2009,30.091677
Lithuania,2010,32.781788
Lithuania,2011,37.597885
Lithuania,2012,39.29255
Lithuania,2013,38.78282
Lithuania,2014,39.583477
Lithuania,2015,38.616436
Lithuania,2016,38.02675
Lithuania,2017,40.97545
Lithuania,2018,41.829094
Lithuania,2019,45.11943
Lithuania,2020,47.089924
Lithuania,2021,50.55754
Lithuania,2022,48.718098
Lithuania,2023,47.999832
Luxembourg,1970,36.14394
Luxembourg,1971,34.505272
Luxembourg,1972,36.354927
Luxembourg,1973,40.10396
Luxembourg,1974,42.556843
Luxembourg,1975,36.454033
Luxembourg,1976,38.866264
Luxembourg,1977,39.121586
Luxembourg,1978,40.727257
Luxembourg,1979,42.380135
Luxembourg,1980,42.75105
Luxembourg,1981,41.42006
Luxembourg,1982,41.95758
Luxembourg,1983,41.6925
Luxembourg,1984,41.668194
Luxembourg,1985,41.13135
Luxembourg,1986,45.941605
Luxembourg,1987,46.376995
Luxembourg,1988,49.562138
Luxembourg,1989,54.02551
Luxembourg,1990,54.886406
Luxembourg,1991,59.1328
Luxembourg,1992,59.582798
Luxembourg,1993,62.64721
Luxembourg,1994,65.6644
Luxembourg,1995,64.779655
Luxembourg,1996,65.05981
Luxembourg,1997,67.1878
Luxembourg,1998,69.583954
Luxembourg,1999,74.60031
Luxembourg,2000,79.95352
Luxembourg,2001,73.46594
Luxembourg,2002,71.85395
Luxembourg,2003,68.29043
Luxembourg,2004,65.19919
Luxembourg,2005,69.578575
Luxembourg,2006,67.867516
Luxembourg,2007,68.847755
Luxembourg,2008,67.947876
Luxembourg,2009,67.370415
Luxembourg,2010,75.18357
Luxembourg,2011,66.83374
Luxembourg,2012,71.18669
Luxembourg,2013,68.91924
Luxembourg,2014,76.93051
Luxembourg,2015,84.744995
Luxembourg,2016,86.03003
Luxembourg,2017,90.22695
Luxembourg,2018,83.28531
Luxembourg,2019,89.14583
Luxembourg,2020,88.38975
Luxembourg,2021,91.46417
Luxembourg,2022,87.30043
Luxembourg,2023,84.75741
Madagascar,2005,1.8780626
Madagascar,2006,1.9198712
Madagascar,2007,1.932734
Madagascar,2008,2.099546
Madagascar,2009,2.0235825
Madagascar,2010,2.1621568
Madagascar,2011,2.2336211
Madagascar,2012,2.1580343
Madagascar,2013,2.04276
Madagascar,2014,1.9591802
Madagascar,2015,1.930075
Madagascar,2016,1.9594918
Madagascar,2017,1.8739384
Madagascar,2018,1.7739499
Madagascar,2019,1.8394303
Madagascar,2020,1.7729127
Madagascar,2021,1.7065438
Madagascar,2022,1.6554873
Madagascar,2023,1.6564504
Malawi,2005,2.1663508
Malawi,2006,2.2574275
Malawi,2007,2.6307356
Malawi,2008,2.925268
Malawi,2009,2.2332768
Malawi,2010,2.2395904
Malawi,2011,2.4986098
Malawi,2012,2.4567797
Malawi,2013,2.8734467
Malawi,2014,2.785626
Malawi,2015,2.9897096
Malawi,2016,2.995424
Malawi,2017,3.1827612
Malawi,2018,3.2169983
Malawi,2019,3.2968793
Malawi,2020,3.4597924
Malawi,2021,3.6202874
Malawi,2022,3.3517041
Malawi,2023,3.2886662
Malaysia,1970,5.9805927
Malaysia,1971,7.031414
Malaysia,1972,7.281132
Malaysia,1973,7.88051
Malaysia,1974,8.389434
Malaysia,1975,7.841031
Malaysia,1976,8.03125
Malaysia,1977,8.521797
Malaysia,1978,8.964403
Malaysia,1979,9.389495
Malaysia,1980,9.901173
Malaysia,1981,10.020196
Malaysia,1982,10.239702
Malaysia,1983,10.475078
Malaysia,1984,10.982586
Malaysia,1985,10.103978
Malaysia,1986,9.228085
Malaysia,1987,9.676398
Malaysia,1988,10.24628
Malaysia,1989,10.919552
Malaysia,1990,11.818358
Malaysia,1991,12.72607
Malaysia,1992,13.172725
Malaysia,1993,13.825666
Malaysia,1994,14.581438
Malaysia,1995,15.6569195
Malaysia,1996,16.570148
Malaysia,1997,16.949522
Malaysia,1998,14.470333
Malaysia,1999,14.7710905
Malaysia,2000,16.220388
Malaysia,2001,15.893072
Malaysia,2002,16.217607
Malaysia,2003,16.827524
Malaysia,2004,18.222843
Malaysia,2005,20.31742
Malaysia,2006,20.276554
Malaysia,2007,22.037416
Malaysia,2008,24.968641
Malaysia,2009,22.963558
Malaysia,2010,23.306805
Malaysia,2011,24.118914
Malaysia,2012,25.983847
Malaysia,2013,25.792534
Malaysia,2014,25.380049
Malaysia,2015,24.520937
Malaysia,2016,25.20791
Malaysia,2017,25.783104
Malaysia,2018,27.85291
Malaysia,2019,27.1924
Malaysia,2020,28.710722
Malaysia,2021,28.220589
Malaysia,2022,28.947357
Malaysia,2023,29.745306
Mali,2005,2.4356804
Mali,2006,2.6783137
Mali,2007,2.654875
Mali,2008,2.8439631
Mali,2009,3.3380926
Mali,2010,3.432474
Mali,2011,3.2213447
Mali,2012,2.9502165
Mali,2013,2.8605611
Mali,2014,2.9985
Mali,2015,3.002826
Mali,2016,3.564854
Mali,2017,3.6448176
Mali,2018,3.8564076
Mali,2019,3.9627812
Mali,2020,3.724543
Mali,2021,3.4918067
Mali,2022,3.5115755
Mali,2023,3.7526689
Malta,1994,27.54712
Malta,1995,26.480053
Malta,1996,24.871769
Malta,1997,27.728384
Malta,1998,27.600828
Malta,1999,29.324745
Malta,2000,35.261875
Malta,2001,32.448463
Malta,2002,32.989243
Malta,2003,33.278355
Malta,2004,32.916885
Malta,2005,35.444523
Malta,2006,33.772118
Malta,2007,34.087177
Malta,2008,34.640186
Malta,2009,35.942146
Malta,2010,37.80733
Malta,2011,37.80428
Malta,2012,39.8235
Malta,2013,37.110252
Malta,2014,36.77276
Malta,2015,42.911243
Malta,2016,39.722054
Malta,2017,43.162395
Malta,2018,42.655525
Malta,2019,42.67168
Malta,2020,43.025375
Malta,2021,48.129368
Malta,2022,44.9874
Malta,2023,46.31629
Mauritius,2005,20.36848
Mauritius,2006,21.082273
Mauritius,2007,24.138374
Mauritius,2008,23.584187
Mauritius,2009,22.653858
Mauritius,2010,23.020092
Mauritius,2011,24.713362
Mauritius,2012,26.562243
Mauritius,2013,26.731441
Mauritius,2014,27.703188
Mauritius,2015,27.607687
Mauritius,2016,29.765959
Mauritius,2017,29.763557
Mauritius,2018,29.84823
Mauritius,2019,28.885317
Mauritius,2020,28.954803
Mauritius,2021,30.002909
Mauritius,2022,30.22822
Mauritius,2023,29.830368
Mexico,1950,11.61911
Mexico,1951,12.427314
Mexico,1952,12.809472
Mexico,1953,12.463455
Mexico,1954,13.686294
Mexico,1955,14.640006
Mexico,1956,15.408761
Mexico,1957,16.338917
Mexico,1958,16.936476
Mexico,1959,17.146849
Mexico,1960,18.196568
Mexico,1961,18.265057
Mexico,1962,18.53361
Mexico,1963,19.759293
Mexico,1964,21.864721
Mexico,1965,22.438164
Mexico,1966,23.165888
Mexico,1967,23.775896
Mexico,1968,25.1021
Mexico,1969,25.511816
Mexico,1970,26.466484
Mexico,1971,26.238018
Mexico,1972,27.007645
Mexico,1973,27.779266
Mexico,1974,28.005116
Mexico,1975,27.882404
Mexico,1976,28.281258
Mexico,1977,28.225397
Mexico,1978,29.463175
Mexico,1979,30.71961
Mexico,1980,31.933846
Mexico,1981,33.364292
Mexico,1982,31.987888
Mexico,1983,29.924929
Mexico,1984,29.58444
Mexico,1985,28.338995
Mexico,1986,25.814838
Mexico,1987,25.274685
Mexico,1988,24.352024
Mexico,1989,24.366886
Mexico,1990,24.061445
Mexico,1991,24.481346
Mexico,1992,24.541084
Mexico,1993,24.12281
Mexico,1994,25.130724
Mexico,1995,24.800215
Mexico,1996,24.404797
Mexico,1997,25.314209
Mexico,1998,25.954008
Mexico,1999,25.005701
Mexico,2000,26.073776
Mexico,2001,26.069979
Mexico,2002,26.034855
Mexico,2003,25.993427
Mexico,2004,26.047571
Mexico,2005,27.390198
Mexico,2006,28.013113
Mexico,2007,28.461563
Mexico,2008,28.430962
Mexico,2009,27.328846
Mexico,2010,29.012064
Mexico,2011,31.397432
Mexico,2012,32.14362
Mexico,2013,31.198391
Mexico,2014,31.423548
Mexico,2015,30.936192
Mexico,2016,31.305912
Mexico,2017,31.016174
Mexico,2018,30.216253
Mexico,2019,28.918913
Mexico,2020,29.373611
Mexico,2021,28.645594
Mexico,2022,27.15859
Mexico,2023,26.803362
Moldova,2005,6.8527308
Moldova,2006,7.8099375
Moldova,2007,8.247938
Moldova,2008,8.860954
Moldova,2009,9.066445
Moldova,2010,10.221066
Moldova,2011,11.586481
Moldova,2012,13.329729
Moldova,2013,14.020249
Moldova,2014,14.688044
Moldova,2015,15.643499
Moldova,2016,17.882277
Moldova,2017,20.148935
Moldova,2018,19.875763
Moldova,2019,21.638363
Moldova,2020,22.336023
Moldova,2021,22.605974
Moldova,2022,21.337393
Moldova,2023,17.567554
Morocco,2005,7.150038
Morocco,2006,7.7937884
Morocco,2007,8.073293
Morocco,2008,9.108657
Morocco,2009,9.972326
Morocco,2010,10.60928
Morocco,2011,11.925246
Morocco,2012,12.372047
Morocco,2013,12.395133
Morocco,2014,11.73531
Morocco,2015,12.878377
Morocco,2016,13.098397
Morocco,2017,13.432071
Morocco,2018,12.324719
Morocco,2019,12.578258
Morocco,2020,12.698753
Morocco,2021,13.113812
Morocco,2022,13.454704
Morocco,2023,13.618808
Mozambique,2005,2.5479002
Mozambique,2006,2.553476
Mozambique,2007,2.5811098
Mozambique,2008,2.5859814
Mozambique,2009,2.5718644
Mozambique,2010,2.5827277
Mozambique,2011,2.4873762
Mozambique,2012,2.5439065
Mozambique,2013,2.557285
Mozambique,2014,2.7052867
Mozambique,2015,2.8142667
Mozambique,2016,2.98918
Mozambique,2017,2.6371226
Mozambique,2018,2.64263
Mozambique,2019,2.8590019
Mozambique,2020,2.8487933
Mozambique,2021,2.682487
Mozambique,2022,2.720908
Mozambique,2023,2.755195
Myanmar,1970,0.7853079
Myanmar,1971,0.7977794
Myanmar,1972,0.77836704
Myanmar,1973,0.76669097
Myanmar,1974,0.7729506
Myanmar,1975,0.78944623
Myanmar,1976,0.81047165
Myanmar,1977,0.8217197
Myanmar,1978,0.83530277
Myanmar,1979,0.8470904
Myanmar,1980,0.8973463
Myanmar,1981,0.9290892
Myanmar,1982,0.970487
Myanmar,1983,0.9939046
Myanmar,1984,1.0386386
Myanmar,1985,1.0338818
Myanmar,1986,1.0044934
Myanmar,1987,0.9495256
Myanmar,1988,0.8100388
Myanmar,1989,0.815334
Myanmar,1990,0.87355304
Myanmar,1991,0.8298903
Myanmar,1992,0.88015926
Myanmar,1993,1.0715272
Myanmar,1994,1.0137414
Myanmar,1995,1.101906
Myanmar,1996,1.092862
Myanmar,1997,1.0775642
Myanmar,1998,1.2151546
Myanmar,1999,1.1610945
Myanmar,2000,1.1251271
Myanmar,2001,1.2355136
Myanmar,2002,1.2925141
Myanmar,2003,1.5130874
Myanmar,2004,1.6136025
Myanmar,2005,1.8129807
Myanmar,2006,1.9940012
Myanmar,2007,2.2520216
Myanmar,2008,2.6534867
Myanmar,2009,2.8858573
Myanmar,2010,3.6251392
Myanmar,2011,4.106681
Myanmar,2012,3.2122335
Myanmar,2013,4.537041
Myanmar,2014,4.815245
Myanmar,2015,4.8769803
Myanmar,2016,4.8819394
Myanmar,2017,5.0162396
Myanmar,2018,6.2458467
Myanmar,2019,6.591502
Myanmar,2020,6.5433564
Myanmar,2021,9.998857
Myanmar,2022,9.500938
Myanmar,2023,8.743789
Namibia,2005,16.33499
Namibia,2006,17.220106
Namibia,2007,17.123768
Namibia,2008,18.362425
Namibia,2009,17.424112
Namibia,2010,18.115673
Namibia,2011,19.354979
Namibia,2012,20.643661
Namibia,2013,18.74755
Namibia,2014,17.553862
Namibia,2015,17.95607
Namibia,2016,17.7844
Namibia,2017,17.125929
Namibia,2018,16.127115
Namibia,2019,15.668636
Namibia,2020,16.218842
Namibia,2021,16.32695
Namibia,2022,15.990142
Namibia,2023,16.510393
Netherlands,1950,12.777946
Netherlands,1951,13.260323
Netherlands,1952,13.5811405
Netherlands,1953,14.235781
Netherlands,1954,14.477298
Netherlands,1955,15.226415
Netherlands,1956,15.43893
Netherlands,1957,15.762537
Netherlands,1958,15.8071165
Netherlands,1959,16.38892
Netherlands,1960,17.582943
Netherlands,1961,18.001726
Netherlands,1962,18.72921
Netherlands,1963,18.762623
Netherlands,1964,20.533123
Netherlands,1965,21.110918
Netherlands,1966,21.17766
Netherlands,1967,22.394905
Netherlands,1968,23.663973
Netherlands,1970,27.161234
Netherlands,1971,28.911343
Netherlands,1972,30.295351
Netherlands,1973,32.881886
Netherlands,1974,35.804943
Netherlands,1975,37.522453
Netherlands,1976,39.563335
Netherlands,1977,40.74805
Netherlands,1978,42.019268
Netherlands,1979,42.67057
Netherlands,1980,43.73706
Netherlands,1981,42.729305
Netherlands,1982,42.562084
Netherlands,1983,43.406914
Netherlands,1984,44.059475
Netherlands,1985,42.75243
Netherlands,1986,44.154915
Netherlands,1987,44.381645
Netherlands,1988,45.435333
Netherlands,1989,46.330338
Netherlands,1990,48.034317
Netherlands,1991,48.946983
Netherlands,1992,48.824615
Netherlands,1993,50.629486
Netherlands,1994,51.519474
Netherlands,1995,52.65435
Netherlands,1996,53.18622
Netherlands,1997,55.686497
Netherlands,1998,56.420544
Netherlands,1999,58.93791
Netherlands,2000,64.15681
Netherlands,2001,64.725914
Netherlands,2002,66.04698
Netherlands,2003,66.09687
Netherlands,2004,67.085365
Netherlands,2005,74.41985
Netherlands,2006,74.940025
Netherlands,2007,78.380264
Netherlands,2008,80.50815
Netherlands,2009,75.74544
Netherlands,2010,75.864944
Netherlands,2011,77.60005
Netherlands,2012,80.06575
Netherlands,2013,84.159065
Netherlands,2014,80.099396
Netherlands,2015,78.839066
Netherlands,2016,77.276436
Netherlands,2017,79.27648
Netherlands,2018,78.56831
Netherlands,2019,80.06904
Netherlands,2020,82.76507
Netherlands,2021,85.03012
Netherlands,2022,85.899765
Netherlands,2023,84.80053
New Zealand,1970,23.9433
New Zealand,1971,24.07756
New Zealand,1972,25.366045
New Zealand,1973,26.846691
New Zealand,1974,26.680927
New Zealand,1975,25.684889
New Zealand,1976,26.142614
New Zealand,1977,25.004667
New Zealand,1978,23.511364
New Zealand,1979,23.427135
New Zealand,1980,23.654932
New Zealand,1981,25.097498
New Zealand,1982,25.027147
New Zealand,1983,25.824389
New Zealand,1984,26.963627
New Zealand,1985,25.88645
New Zealand,1986,27.58832
New Zealand,1987,28.607384
New Zealand,1988,31.029678
New Zealand,1989,32.50624
New Zealand,1990,32.516823
New Zealand,1991,32.792717
New Zealand,1992,33.268303
New Zealand,1993,34.02841
New Zealand,1994,34.83323
New Zealand,1995,35.151604
New Zealand,1996,35.93259
New Zealand,1997,37.096104
New Zealand,1998,38.206448
New Zealand,1999,39.503624
New Zealand,2000,39.762474
New Zealand,2001,40.284393
New Zealand,2002,40.308136
New Zealand,2003,40.570053
New Zealand,2004,39.08948
New Zealand,2005,39.871586
New Zealand,2006,39.94826
New Zealand,2007,42.53505
New Zealand,2008,43.12726
New Zealand,2009,44.897064
New Zealand,2010,46.059715
New Zealand,2011,47.96772
New Zealand,2012,49.034885
New Zealand,2013,48.368034
New Zealand,2014,48.18502
New Zealand,2015,47.73539
New Zealand,2016,49.38363
New Zealand,2017,48.96968
New Zealand,2018,47.848465
New Zealand,2019,49.53717
New Zealand,2020,50.544838
New Zealand,2021,51.104523
New Zealand,2022,50.344128
New Zealand,2023,49.5587
Niger,2005,1.37118
Niger,2006,1.3939321
Niger,2007,1.3308632
Niger,2008,1.382979
Niger,2009,1.3958557
Niger,2010,1.5351752
Niger,2011,1.4667486
Niger,2012,1.6126615
Niger,2013,1.5923302
Niger,2014,1.6598982
Niger,2015,1.6848508
Niger,2016,1.6416756
Niger,2017,1.6035225
Niger,2018,1.701526
Niger,2019,1.8506708
Niger,2020,1.9430866
Niger,2021,1.9377054
Niger,2022,2.3085556
Niger,2023,2.3513093
Nigeria,2005,6.185171
Nigeria,2006,6.9511776
Nigeria,2007,7.326747
Nigeria,2008,7.221211
Nigeria,2009,7.404599
Nigeria,2010,8.381962
Nigeria,2011,8.479395
Nigeria,2012,8.514607
Nigeria,2013,8.8424425
Nigeria,2014,8.808126
Nigeria,2015,8.189622
Nigeria,2016,7.4518538
Nigeria,2017,7.140156
Nigeria,2018,7.3849483
Nigeria,2019,8.120003
Nigeria,2020,8.113798
Nigeria,2021,7.1203403
Nigeria,2022,6.5396647
Nigeria,2023,6.1546474
North Macedonia,2005,16.79049
North Macedonia,2006,16.676697
North Macedonia,2007,17.376652
North Macedonia,2008,17.886063
North Macedonia,2009,18.31619
North Macedonia,2010,18.952724
North Macedonia,2011,19.309101
North Macedonia,2012,19.837013
North Macedonia,2013,18.368652
North Macedonia,2014,19.063683
North Macedonia,2015,19.550163
North Macedonia,2016,20.43577
North Macedonia,2017,19.862648
North Macedonia,2018,21.11118
North Macedonia,2019,22.610058
North Macedonia,2020,25.94999
North Macedonia,2021,25.016329
North Macedonia,2022,27.380909
North Macedonia,2023,27.96674
Norway,1950,11.452787
Norway,1951,12.104325
Norway,1952,12.7456455
Norway,1953,13.411213
Norway,1954,13.807769
Norway,1955,14.308339
Norway,1956,14.916699
Norway,1957,15.686501
Norway,1958,15.802802
Norway,1959,16.326384
Norway,1960,16.667418
Norway,1961,17.443207
Norway,1962,17.747204
Norway,1963,18.355158
Norway,1964,19.321672
Norway,1965,20.659727
Norway,1966,21.292326
Norway,1967,22.683311
Norway,1968,23.99125
Norway,1969,25.370335
Norway,1970,20.769665
Norway,1971,22.429409
Norway,1972,24.993755
Norway,1973,25.715714
Norway,1974,27.788805
Norway,1975,30.73408
Norway,1976,34.357452
Norway,1977,35.24297
Norway,1978,38.427135
Norway,1979,40.860825
Norway,1980,42.428677
Norway,1981,42.45305
Norway,1982,42.233944
Norway,1983,44.501972
Norway,1984,46.926212
Norway,1985,46.273575
Norway,1986,43.542175
Norway,1987,44.583275
Norway,1988,42.96947
Norway,1989,46.163338
Norway,1990,51.986206
Norway,1991,52.794037
Norway,1992,54.314007
Norway,1993,54.59707
Norway,1994,55.982834
Norway,1995,59.57564
Norway,1996,65.87828
Norway,1997,67.88356
Norway,1998,62.92339
Norway,1999,69.646164
Norway,2000,86.45562
Norway,2001,89.87476
Norway,2002,87.4635
Norway,2003,96.69387
Norway,2004,101.531715
Norway,2005,121.69694
Norway,2006,127.66553
Norway,2007,124.69369
Norway,2008,136.97458
Norway,2009,117.941505
Norway,2010,127.650276
Norway,2011,138.58154
Norway,2012,144.20383
Norway,2013,140.1491
Norway,2014,130.8378
Norway,2015,109.79524
Norway,2016,105.36408
Norway,2017,109.77859
Norway,2018,118.73758
Norway,2019,119.48063
Norway,2020,121.38384
Norway,2021,131.25018
Norway,2022,136.87608
Norway,2023,130.13191
Oman,2005,56.479668
Oman,2006,68.78765
Oman,2007,76.12845
Oman,2008,90.05447
Oman,2009,80.665245
Oman,2010,75.8081
Oman,2011,65.66861
Oman,2012,50.056473
Oman,2013,43.666145
Oman,2014,38.273422
Oman,2015,30.182404
Oman,2016,26.717115
Oman,2017,25.003212
Oman,2018,26.005796
Oman,2019,27.405403
Oman,2020,30.271996
Oman,2021,33.93138
Oman,2022,33.114567
Oman,2023,29.440893
Pakistan,1970,2.9534538
Pakistan,1971,3.0052178
Pakistan,1972,2.8560908
Pakistan,1973,2.919471
Pakistan,1974,2.9892943
Pakistan,1975,3.0683649
Pakistan,1976,3.146684
Pakistan,1977,3.154879
Pakistan,1978,3.2772696
Pakistan,1979,3.2813826
Pakistan,1980,3.4139738
Pakistan,1981,3.592335
Pakistan,1982,3.6540444
Pakistan,1983,3.8761363
Pakistan,1984,3.9767516
Pakistan,1985,4.153248
Pakistan,1986,4.2753296
Pakistan,1987,4.3162284
Pakistan,1988,4.544751
Pakistan,1989,4.743743
Pakistan,1990,4.729538
Pakistan,1991,4.6001344
Pakistan,1992,4.7460585
Pakistan,1993,4.803931
Pakistan,1994,4.7354875
Pakistan,1995,4.9104323
Pakistan,1996,5.2797046
Pakistan,1997,5.3640966
Pakistan,1998,5.7439175
Pakistan,1999,5.9605937
Pakistan,2000,6.173437
Pakistan,2001,6.0656414
Pakistan,2002,5.9942136
Pakistan,2003,6.087484
Pakistan,2004,6.425473
Pakistan,2005,6.626931
Pakistan,2006,6.8191605
Pakistan,2007,7.07452
Pakistan,2008,7.250088
Pakistan,2009,7.320781
Pakistan,2010,7.1895204
Pakistan,2011,7.55998
Pakistan,2012,7.9375367
Pakistan,2013,7.8781085
Pakistan,2014,7.8384743
Pakistan,2015,8.195202
Pakistan,2016,8.203588
Pakistan,2017,8.348655
Pakistan,2018,8.396404
Pakistan,2019,8.802918
Pakistan,2020,8.681546
Pakistan,2021,8.53623
Pakistan,2022,8.577588
Pakistan,2023,8.381771
Paraguay,2005,9.919018
Paraguay,2006,10.796713
Paraguay,2007,11.244276
Paraguay,2008,11.758552
Paraguay,2009,13.0025
Paraguay,2010,14.578952
Paraguay,2011,15.213669
Paraguay,2012,15.234311
Paraguay,2013,15.300111
Paraguay,2014,16.386135
Paraguay,2015,16.187628
Paraguay,2016,16.410866
Paraguay,2017,16.900024
Paraguay,2018,16.705393
Paraguay,2019,17.024054
Paraguay,2020,19.070501
Paraguay,2021,16.99723
Paraguay,2022,16.448185
Paraguay,2023,16.35828
Peru,1950,3.0865347
Peru,1951,3.2847528
Peru,1952,3.4202366
Peru,1953,3.5456166
Peru,1954,3.721736
Peru,1955,3.8616385
Peru,1956,3.931923
Peru,1957,4.179276
Peru,1958,4.0653124
Peru,1959,4.08562
Peru,1960,4.429086
Peru,1961,4.6754394
Peru,1962,5.003105
Peru,1963,5.2112966
Peru,1964,5.475511
Peru,1965,5.753066
Peru,1966,6.093968
Peru,1967,6.3097425
Peru,1968,6.2106023
Peru,1969,6.4255652
Peru,1970,6.5240917
Peru,1971,6.6929274
Peru,1972,6.6214705
Peru,1973,6.9214025
Peru,1974,7.250548
Peru,1975,7.4427004
Peru,1976,7.314179
Peru,1977,7.076
Peru,1978,6.713875
Peru,1979,6.6929107
Peru,1980,7.0786476
Peru,1981,7.3795376
Peru,1982,7.2209625
Peru,1983,6.395443
Peru,1984,6.4553833
Peru,1985,6.3481245
Peru,1986,6.753122
Peru,1987,7.29975
Peru,1988,6.8924913
Peru,1989,5.627529
Peru,1990,5.5457606
Peru,1991,5.431057
Peru,1992,5.541614
Peru,1993,5.7614093
Peru,1994,6.383556
Peru,1995,6.7881823
Peru,1996,6.9065223
Peru,1997,7.1952643
Peru,1998,6.7721376
Peru,1999,6.5770783
Peru,2000,6.477955
Peru,2001,6.425067
Peru,2002,6.6918936
Peru,2003,6.9786434
Peru,2004,7.3535624
Peru,2005,7.94498
Peru,2006,8.700643
Peru,2007,9.315853
Peru,2008,9.95934
Peru,2009,9.759119
Peru,2010,10.7863865
Peru,2011,11.569771
Peru,2012,11.925358
Peru,2013,11.891927
Peru,2014,11.834383
Peru,2015,11.635753
Peru,2016,11.770601
Peru,2017,11.9194565
Peru,2018,12.165311
Peru,2019,12.456921
Peru,2020,11.273293
Peru,2021,12.361538
Peru,2022,11.995515
Peru,2023,11.972779
Philippines,1970,3.877143
Philippines,1971,3.6821904
Philippines,1972,3.875201
Philippines,1973,3.924214
Philippines,1974,4.104473
Philippines,1975,4.3082786
Philippines,1976,4.7688403
Philippines,1977,4.857016
Philippines,1978,4.687034
Philippines,1979,4.803617
Philippines,1980,5.233184
Philippines,1981,5.1744027
Philippines,1982,5.4568996
Philippines,1983,5.0652213
Philippines,1984,4.598717
Philippines,1985,4.307073
Philippines,1986,4.4088593
Philippines,1987,4.8616076
Philippines,1988,5.163862
Philippines,1989,5.4679513
Philippines,1990,5.827373
Philippines,1991,5.8107886
Philippines,1992,5.939127
Philippines,1993,6.2504115
Philippines,1994,6.6637344
Philippines,1995,7.2331944
Philippines,1996,7.7641563
Philippines,1997,7.360956
Philippines,1998,7.089624
Philippines,1999,6.6575313
Philippines,2000,6.570319
Philippines,2001,6.7721376
Philippines,2002,6.5428967
Philippines,2003,6.441856
Philippines,2004,6.393925
Philippines,2005,6.525258
Philippines,2006,6.8115206
Philippines,2007,7.053
Philippines,2008,7.422679
Philippines,2009,7.636603
Philippines,2010,8.172339
Philippines,2011,8.647334
Philippines,2012,9.18307
Philippines,2013,9.266263
Philippines,2014,9.842418
Philippines,2015,10.158972
Philippines,2016,10.002002
Philippines,2017,10.907367
Philippines,2018,11.133027
Philippines,2019,11.624064
Philippines,2020,13.145281
Philippines,2021,12.207194
Philippines,2022,11.479259
Philippines,2023,11.683142
Poland,1995,18.57919
Poland,1996,19.7247
Poland,1997,20.77945
Poland,1998,21.415249
Poland,1999,23.209105
Poland,2000,24.517946
Poland,2001,25.234879
Poland,2002,26.684952
Poland,2003,26.752216
Poland,2004,27.474195
Poland,2005,27.993326
Poland,2006,28.055231
Poland,2007,29.449707
Poland,2008,29.843773
Poland,2009,31.879921
Poland,2010,34.824844
Poland,2011,38.053394
Poland,2012,38.8872
Poland,2013,38.311916
Poland,2014,38.137146
Poland,2015,39.3452
Poland,2016,39.786877
Poland,2017,41.354214
Poland,2018,43.29682
Poland,2019,45.805286
Poland,2020,44.511456
Poland,2021,44.86914
Poland,2022,47.329544
Poland,2023,46.688633
Portugal,1950,4.6167526
Portugal,1951,5.183027
Portugal,1952,5.4377356
Portugal,1953,5.746316
Portugal,1954,6.103242
Portugal,1955,6.347903
Portugal,1956,6.6035266
Portugal,1957,6.90136
Portugal,1958,6.980357
Portugal,1959,7.419603
Portugal,1960,7.9261527
Portugal,1961,8.4712305
Portugal,1962,9.145624
Portugal,1963,9.826349
Portugal,1964,10.316341
Portugal,1965,11.027809
Portugal,1966,11.320874
Portugal,1967,12.42592
Portugal,1968,14.398573
Portugal,1969,14.961653
Portugal,1970,16.289623
Portugal,1971,17.381538
Portugal,1972,18.283213
Portugal,1973,19.879433
Portugal,1974,18.91066
Portugal,1975,17.73784
Portugal,1976,19.00411
Portugal,1977,19.56399
Portugal,1978,19.056124
Portugal,1979,19.458078
Portugal,1980,19.052557
Portugal,1981,18.940632
Portugal,1982,18.562714
Portugal,1983,17.560259
Portugal,1984,16.662226
Portugal,1985,17.16038
Portugal,1986,18.391436
Portugal,1987,19.053988
Portugal,1988,20.036682
Portugal,1989,20.624027
Portugal,1990,21.573816
Portugal,1991,22.907345
Portugal,1992,23.56172
Portugal,1993,24.47769
Portugal,1994,25.85271
Portugal,1995,25.793924
Portugal,1996,26.047388
Portugal,1997,27.460209
Portugal,1998,27.68536
Portugal,1999,28.972706
Portugal,2000,29.971905
Portugal,2001,30.061684
Portugal,2002,30.289019
Portugal,2003,30.17032
Portugal,2004,29.922253
Portugal,2005,33.0727
Portugal,2006,34.315254
Portugal,2007,35.542603
Portugal,2008,35.508617
Portugal,2009,36.603966
Portugal,2010,38.308334
Portugal,2011,39.790176
Portugal,2012,41.832973
Portugal,2013,40.915134
Portugal,2014,40.281155
Portugal,2015,40.512615
Portugal,2016,40.772865
Portugal,2017,40.64904
Portugal,2018,39.569237
Portugal,2019,41.922718
Portugal,2020,41.910946
Portugal,2021,41.55837
Portugal,2022,42.13265
Portugal,2023,42.760372
Qatar,2005,97.68764
Qatar,2006,103.47386
Qatar,2007,94.00558
Qatar,2008,101.65281
Qatar,2009,76.889595
Qatar,2010,85.5458
Qatar,2011,116.069824
Qatar,2012,121.55469
Qatar,2013,110.197754
Qatar,2014,98.27652
Qatar,2015,63.075237
Qatar,2016,59.66038
Qatar,2017,64.43656
Qatar,2018,66.24572
Qatar,2019,68.41585
Qatar,2020,61.773815
Qatar,2021,66.193565
Qatar,2022,71.18684
Qatar,2023,69.42111
Romania,1995,10.478117
Romania,1996,10.787337
Romania,1997,10.137656
Romania,1998,9.837066
Romania,1999,9.86666
Romania,2000,10.2608795
Romania,2001,11.408575
Romania,2002,12.960631
Romania,2003,13.62258
Romania,2004,15.029786
Romania,2005,15.999725
Romania,2006,18.029823
Romania,2007,20.477814
Romania,2008,23.610512
Romania,2009,23.8904
Romania,2010,25.387455
Romania,2011,27.768871
Romania,2012,29.488113
Romania,2013,28.198301
Romania,2014,29.116337
Romania,2015,31.139929
Romania,2016,32.30664
Romania,2017,35.085217
Romania,2018,36.148952
Romania,2019,39.57182
Romania,2020,40.15152
Romania,2021,44.092934
Romania,2022,45.789017
Romania,2023,47.077618
Russia,1992,15.258359
Russia,1993,13.668077
Russia,1994,12.501482
Russia,1995,11.838192
Russia,1996,11.900856
Russia,1997,11.551224
Russia,1998,10.777695
Russia,1999,10.05927
Russia,2000,11.23249
Russia,2001,11.389455
Russia,2002,11.600646
Russia,2003,12.562987
Russia,2004,14.071082
Russia,2005,16.024183
Russia,2006,18.640549
Russia,2007,21.653109
Russia,2008,24.785234
Russia,2009,22.719524
Russia,2010,25.58387
Russia,2011,29.226336
Russia,2012,31.432371
Russia,2013,31.004631
Russia,2014,29.775703
Russia,2015,27.152182
Russia,2016,27.161674
Russia,2017,28.94128
Russia,2018,30.653677
Russia,2019,33.838017
Russia,2020,36.171013
Russia,2021,37.248257
Russia,2022,35.77736
Russia,2023,36.641933
Rwanda,2005,2.3528142
Rwanda,2006,2.539899
Rwanda,2007,2.5766869
Rwanda,2008,2.6031008
Rwanda,2009,2.744022
Rwanda,2010,2.9361386
Rwanda,2011,3.1354825
Rwanda,2012,3.1595073
Rwanda,2013,3.1857705
Rwanda,2014,3.4278483
Rwanda,2015,3.5079942
Rwanda,2016,3.4496872
Rwanda,2017,3.3681471
Rwanda,2018,3.442397
Rwanda,2019,3.8597088
Rwanda,2020,3.5953147
Rwanda,2021,4.780275
Rwanda,2022,4.646293
Rwanda,2023,4.4800725
Saudi Arabia,2005,68.946396
Saudi Arabia,2006,75.45356
Saudi Arabia,2007,80.05345
Saudi Arabia,2008,96.5446
Saudi Arabia,2009,84.73213
Saudi Arabia,2010,94.69918
Saudi Arabia,2011,107.3472
Saudi Arabia,2012,108.93739
Saudi Arabia,2013,102.35646
Saudi Arabia,2014,100.17351
Saudi Arabia,2015,86.21847
Saudi Arabia,2016,76.22158
Saudi Arabia,2017,77.09032
Saudi Arabia,2018,80.87107
Saudi Arabia,2019,78.564186
Saudi Arabia,2020,74.63648
Saudi Arabia,2021,63.75229
Saudi Arabia,2022,60.54028
Saudi Arabia,2023,59.877556
Senegal,2005,5.0612564
Senegal,2006,4.9953146
Senegal,2007,5.084448
Senegal,2008,4.926754
Senegal,2009,5.0909343
Senegal,2010,5.197686
Senegal,2011,5.0461836
Senegal,2012,5.1558785
Senegal,2013,4.8976793
Senegal,2014,4.9020762
Senegal,2015,4.897879
Senegal,2016,4.599597
Senegal,2017,4.1825113
Senegal,2018,4.135373
Senegal,2019,3.934793
Senegal,2020,4.0975347
Senegal,2021,4.2822256
Senegal,2022,4.2452416
Senegal,2023,4.303838
Serbia,2005,16.001125
Serbia,2006,17.6072
Serbia,2007,17.893068
Serbia,2008,18.377678
Serbia,2009,19.668768
Serbia,2010,21.687534
Serbia,2011,25.261723
Serbia,2012,25.459534
Serbia,2013,24.725328
Serbia,2014,24.290714
Serbia,2015,22.974003
Serbia,2016,22.306213
Serbia,2017,22.460443
Serbia,2018,22.239092
Serbia,2019,23.732199
Serbia,2020,23.550318
Serbia,2021,24.474129
Serbia,2022,23.75509
Serbia,2023,25.35898
Singapore,1960,4.692894
Singapore,1961,5.2462425
Singapore,1962,5.8823876
Singapore,1963,6.610517
Singapore,1964,6.5771227
Singapore,1965,6.9479237
Singapore,1966,7.645392
Singapore,1967,8.591528
Singapore,1968,9.367468
Singapore,1969,10.7281
Singapore,1970,12.226863
Singapore,1971,12.752732
Singapore,1972,12.593749
Singapore,1973,13.859764
Singapore,1974,16.052294
Singapore,1975,16.334457
Singapore,1976,17.452684
Singapore,1977,18.222593
Singapore,1978,19.193596
Singapore,1979,20.95484
Singapore,1980,22.17391
Singapore,1981,20.439423
Singapore,1982,19.993256
Singapore,1983,21.558245
Singapore,1984,23.552917
Singapore,1985,22.187164
Singapore,1986,23.440697
Singapore,1987,25.262156
Singapore,1988,25.997612
Singapore,1989,25.08023
Singapore,1990,26.287687
Singapore,1991,23.927385
Singapore,1992,23.33911
Singapore,1993,22.752913
Singapore,1994,20.797901
Singapore,1995,21.203884
Singapore,1996,24.86027
Singapore,1997,24.851305
Singapore,1998,26.54218
Singapore,1999,27.037836
Singapore,2000,34.375656
Singapore,2001,32.4894
Singapore,2002,34.863865
Singapore,2003,32.645397
Singapore,2004,38.005566
Singapore,2005,49.95682
Singapore,2006,52.29154
Singapore,2007,52.86339
Singapore,2008,46.033722
Singapore,2009,44.94008
Singapore,2010,53.991367
Singapore,2011,57.19284
Singapore,2012,55.468098
Singapore,2013,51.861256
Singapore,2014,55.571136
Singapore,2015,55.130947
Singapore,2016,56.09941
Singapore,2017,61.731697
Singapore,2018,63.092636
Singapore,2019,62.331562
Singapore,2020,62.506012
Singapore,2021,65.17828
Singapore,2022,67.77981
Singapore,2023,65.92123
Slovakia,1990,26.804636
Slovakia,1991,22.970089
Slovakia,1992,22.954088
Slovakia,1993,23.147589
Slovakia,1994,24.436089
Slovakia,1995,24.67673
Slovakia,1996,25.953342
Slovakia,1997,26.550606
Slovakia,1998,25.927938
Slovakia,1999,25.296597
Slovakia,2000,26.807442
Slovakia,2001,28.650381
Slovakia,2002,30.030914
Slovakia,2003,30.30498
Slovakia,2004,30.051167
Slovakia,2005,32.93329
Slovakia,2006,34.04709
Slovakia,2007,36.84477
Slovakia,2008,38.95723
Slovakia,2009,38.403236
Slovakia,2010,41.125122
Slovakia,2011,42.248577
Slovakia,2012,42.39388
Slovakia,2013,41.065636
Slovakia,2014,42.59173
Slovakia,2015,41.939953
Slovakia,2016,39.354515
Slovakia,2017,38.903595
Slovakia,2018,37.56789
Slovakia,2019,36.973423
Slovakia,2020,44.776604
Slovakia,2021,46.015957
Slovakia,2022,43.91862
Slovakia,2023,43.989033
Slovenia,1995,29.479671
Slovenia,1996,31.5837
Slovenia,1997,33.08505
Slovenia,1998,32.611103
Slovenia,1999,33.083096
Slovenia,2000,34.1683
Slovenia,2001,34.837284
Slovenia,2002,34.664124
Slovenia,2003,35.17949
Slovenia,2004,36.23952
Slovenia,2005,39.61084
Slovenia,2006,39.59458
Slovenia,2007,40.267944
Slovenia,2008,42.692696
Slovenia,2009,40.12282
Slovenia,2010,41.41744
Slovenia,2011,44.91155
Slovenia,2012,45.260403
Slovenia,2013,44.254635
Slovenia,2014,44.316372
Slovenia,2015,42.856907
Slovenia,2016,44.15917
Slovenia,2017,45.32373
Slovenia,2018,47.096825
Slovenia,2019,49.558193
Slovenia,2020,50.78655
Slovenia,2021,51.100243
Slovenia,2022,50.186073
Slovenia,2023,51.474453
South Africa,2001,15.980202
South Africa,2002,17.391424
South Africa,2003,19.33745
South Africa,2004,19.889915
South Africa,2005,21.256033
South Africa,2006,20.623898
South Africa,2007,21.5135
South Africa,2008,21.455843
South Africa,2009,21.844217
South Africa,2010,23.374456
South Africa,2011,23.090462
South Africa,2012,23.279211
South Africa,2013,22.90383
South Africa,2014,22.885506
South Africa,2016,21.921068
South Africa,2017,22.143183
South Africa,2018,20.908947
South Africa,2019,20.568027
South Africa,2020,21.725138
South Africa,2021,21.634558
South Africa,2022,20.607685
South Africa,2023,19.420797
South Korea,1953,1.6724209
South Korea,1954,1.7082514
South Korea,1955,1.8026873
South Korea,1956,1.7989858
South Korea,1957,1.8994564
South Korea,1958,1.9044135
South Korea,1959,1.8748512
South Korea,1960,1.8230278
South Korea,1961,1.8503036
South Korea,1962,1.7718958
South Korea,1963,1.8798785
South Korea,1964,2.0784132
South Korea,1965,1.9960136
South Korea,1966,2.222083
South Korea,1967,2.240305
South Korea,1968,2.3433566
South Korea,1969,2.5384908
South Korea,1970,2.8128579
South Korea,1971,3.1814723
South Korea,1972,3.423842
South Korea,1973,3.9830017
South Korea,1974,4.5834417
South Korea,1975,5.197803
South Korea,1976,5.330771
South Korea,1977,5.6610017
South Korea,1978,5.932607
South Korea,1979,6.193667
South Korea,1980,5.8720026
South Korea,1981,6.0879784
South Korea,1982,6.361646
South Korea,1983,7.0617275
South Korea,1984,7.824126
South Korea,1985,8.004323
South Korea,1986,9.02031
South Korea,1987,10.0388155
South Korea,1988,11.267897
South Korea,1989,12.468526
South Korea,1990,13.92536
South Korea,1991,15.485522
South Korea,1992,16.59954
South Korea,1993,17.89704
South Korea,1994,19.64667
South Korea,1995,21.396973
South Korea,1996,23.488106
South Korea,1997,23.126568
South Korea,1998,22.512466
South Korea,1999,24.495907
South Korea,2000,25.21157
South Korea,2001,25.654871
South Korea,2002,27.43286
South Korea,2003,29.00908
South Korea,2004,30.6891
South Korea,2005,33.5136
South Korea,2006,34.289143
South Korea,2007,36.378704
South Korea,2008,37.66689
South Korea,2009,37.403465
South Korea,2010,39.90182
South Korea,2011,39.71319
South Korea,2012,39.59322
South Korea,2013,38.416
South Korea,2014,40.029747
South Korea,2015,41.849457
South Korea,2016,43.27548
South Korea,2017,45.420845
South Korea,2018,47.57825
South Korea,2019,49.544704
South Korea,2020,51.984924
South Korea,2021,53.581005
South Korea,2022,54.241924
South Korea,2023,53.608574
Spain,1950,4.7067723
Spain,1951,5.537134
Spain,1952,5.7972403
Spain,1953,5.5556636
Spain,1954,6.1788273
Spain,1955,6.483611
Spain,1956,6.9040213
Spain,1957,7.143567
Spain,1958,7.3517795
Spain,1959,7.3266172
Spain,1960,8.28794
Spain,1961,9.178467
Spain,1962,10.089337
Spain,1963,11.072142
Spain,1964,11.841452
Spain,1965,12.462083
Spain,1966,13.265604
Spain,1967,13.775465
Spain,1968,14.901344
Spain,1969,16.197502
Spain,1970,16.62748
Spain,1971,17.288282
Spain,1972,18.505257
Spain,1973,19.49681
Spain,1974,20.218105
Spain,1975,20.574713
Spain,1976,21.725216
Spain,1977,22.918875
Spain,1978,24.639795
Spain,1979,26.087162
Spain,1980,27.832306
Spain,1981,27.521091
Spain,1982,27.0824
Spain,1983,27.013756
Spain,1984,27.775309
Spain,1985,27.795086
Spain,1986,29.19572
Spain,1987,30.166142
Spain,1988,31.446363
Spain,1989,32.74504
Spain,1990,33.42688
Spain,1991,34.493755
Spain,1992,36.15699
Spain,1993,38.04142
Spain,1994,39.975754
Spain,1995,41.363132
Spain,1996,42.10302
Spain,1997,43.426033
Spain,1998,44.1164
Spain,1999,43.85755
Spain,2000,44.811985
Spain,2001,44.947136
Spain,2002,45.945953
Spain,2003,44.63244
Spain,2004,44.7477
Spain,2005,46.64838
Spain,2006,48.49922
Spain,2007,51.199627
Spain,2008,51.883926
Spain,2009,54.0441
Spain,2010,54.77375
Spain,2011,55.09166
Spain,2012,57.414482
Spain,2013,57.504654
Spain,2014,57.19161
Spain,2015,58.978977
Spain,2016,59.979256
Spain,2017,61.159767
Spain,2018,59.54519
Spain,2019,62.680885
Spain,2020,61.291573
Spain,2021,61.418144
Spain,2022,62.984673
Spain,2023,63.997158
Sri Lanka,1970,5.512844
Sri Lanka,1971,5.325629
Sri Lanka,1972,5.356866
Sri Lanka,1973,5.5844684
Sri Lanka,1974,5.776458
Sri Lanka,1975,5.533302
Sri Lanka,1976,5.0524907
Sri Lanka,1977,4.70618
Sri Lanka,1978,4.6561375
Sri Lanka,1979,4.2333946
Sri Lanka,1980,4.2029614
Sri Lanka,1981,4.4389634
Sri Lanka,1982,4.276597
Sri Lanka,1983,4.2362967
Sri Lanka,1984,4.3144655
Sri Lanka,1985,4.7328467
Sri Lanka,1986,4.9052434
Sri Lanka,1987,5.0875683
Sri Lanka,1988,5.1724176
Sri Lanka,1989,5.3335323
Sri Lanka,1990,5.5166616
Sri Lanka,1991,5.63772
Sri Lanka,1992,6.1330605
Sri Lanka,1993,6.2922087
Sri Lanka,1994,6.8703413
Sri Lanka,1995,7.0016956
Sri Lanka,1996,7.1508865
Sri Lanka,1997,7.5504293
Sri Lanka,1998,7.4897385
Sri Lanka,1999,7.376028
Sri Lanka,2000,6.970878
Sri Lanka,2001,7.1534643
Sri Lanka,2002,7.9734735
Sri Lanka,2003,8.39938
Sri Lanka,2004,7.7254934
Sri Lanka,2005,7.686735
Sri Lanka,2006,9.118135
Sri Lanka,2007,10.168807
Sri Lanka,2008,10.192493
Sri Lanka,2009,11.592816
Sri Lanka,2010,12.821929
Sri Lanka,2011,14.881809
Sri Lanka,2012,16.152332
Sri Lanka,2013,16.065834
Sri Lanka,2014,16.267624
Sri Lanka,2015,17.45634
Sri Lanka,2016,17.871292
Sri Lanka,2017,17.869272
Sri Lanka,2018,19.278402
Sri Lanka,2019,19.115978
Sri Lanka,2020,19.68723
Sri Lanka,2021,20.185148
Sri Lanka,2022,18.072573
Sri Lanka,2023,17.554308
Sudan,2005,5.2034826
Sudan,2006,6.508834
Sudan,2007,6.467469
Sudan,2008,6.313647
Sudan,2009,7.387213
Sudan,2010,8.9581
Sudan,2011,11.05157
Sudan,2012,11.502495
Sudan,2013,8.347273
Sudan,2014,12.746824
Sudan,2015,12.753783
Sudan,2016,18.324175
Sudan,2017,23.089512
Sudan,2019,9.076358
Sudan,2020,8.760595
Sudan,2021,5.5106244
Sudan,2022,5.2223716
Sudan,2023,4.6524544
Sweden,1950,13.638007
Sweden,1951,14.007333
Sweden,1952,14.258205
Sweden,1953,14.967742
Sweden,1954,15.521057
Sweden,1955,15.902382
Sweden,1956,16.39745
Sweden,1957,16.68256
Sweden,1958,17.248058
Sweden,1959,18.24116
Sweden,1960,18.302492
Sweden,1961,19.30093
Sweden,1962,20.08848
Sweden,1963,21.097399
Sweden,1964,22.680748
Sweden,1965,23.399458
Sweden,1966,23.963697
Sweden,1967,25.578365
Sweden,1968,26.844402
Sweden,1969,27.967106
Sweden,1970,29.289053
Sweden,1971,30.25459
Sweden,1972,31.681232
Sweden,1973,33.259525
Sweden,1974,33.741634
Sweden,1975,34.242867
Sweden,1976,34.10993
Sweden,1977,33.97625
Sweden,1978,35.551945
Sweden,1979,36.342445
Sweden,1980,36.163803
Sweden,1981,36.844246
Sweden,1982,36.94928
Sweden,1983,37.500793
Sweden,1984,38.987392
Sweden,1985,39.222
Sweden,1986,41.960243
Sweden,1987,43.346413
Sweden,1988,44.108482
Sweden,1989,44.76414
Sweden,1990,45.328304
Sweden,1991,46.105568
Sweden,1992,47.383106
Sweden,1993,47.87285
Sweden,1994,50.04143
Sweden,1995,52.499924
Sweden,1996,54.273335
Sweden,1997,56.678986
Sweden,1998,58.052113
Sweden,1999,59.562214
Sweden,2000,62.9406
Sweden,2001,61.542847
Sweden,2002,63.0572
Sweden,2003,65.40065
Sweden,2004,67.76625
Sweden,2005,67.8612
Sweden,2006,68.75627
Sweden,2007,71.080475
Sweden,2008,71.44491
Sweden,2009,69.216644
Sweden,2010,71.1375
Sweden,2011,75.29663
Sweden,2012,75.55018
Sweden,2013,74.577156
Sweden,2014,73.45989
Sweden,2015,74.54128
Sweden,2016,73.800705
Sweden,2017,75.30726
Sweden,2018,74.248825
Sweden,2019,80.12736
Sweden,2020,81.9224
Sweden,2021,83.16069
Sweden,2022,81.12094
Sweden,2023,80.735664
Switzerland,1950,17.956112
Switzerland,1951,18.911636
Switzerland,1952,18.66835
Switzerland,1953,19.346987
Switzerland,1954,20.452818
Switzerland,1955,21.561335
Switzerland,1956,22.507643
Switzerland,1957,22.903692
Switzerland,1958,22.44753
Switzerland,1959,24.173643
Switzerland,1960,25.483253
Switzerland,1961,26.324179
Switzerland,1962,26.555101
Switzerland,1963,27.321144
Switzerland,1964,28.422272
Switzerland,1965,29.33054
Switzerland,1966,30.1379
Switzerland,1967,30.945581
Switzerland,1968,31.880852
Switzerland,1969,33.094265
Switzerland,1970,34.539528
Switzerland,1971,35.751404
Switzerland,1972,36.94228
Switzerland,1973,38.145885
Switzerland,1974,39.216114
Switzerland,1975,37.712845
Switzerland,1976,38.36872
Switzerland,1977,39.60345
Switzerland,1978,40.24448
Switzerland,1979,41.41877
Switzerland,1980,42.684612
Switzerland,1981,42.40523
Switzerland,1982,42.247314
Switzerland,1983,42.968384
Switzerland,1984,43.761944
Switzerland,1985,44.201138
Switzerland,1986,45.880013
Switzerland,1987,45.786034
Switzerland,1988,45.472195
Switzerland,1989,46.693798
Switzerland,1990,47.971172
Switzerland,1991,45.033833
Switzerland,1992,45.833256
Switzerland,1993,46.990116
Switzerland,1994,47.9702
Switzerland,1995,49.384583
Switzerland,1996,50.94194
Switzerland,1997,53.21764
Switzerland,1998,53.730457
Switzerland,1999,53.733425
Switzerland,2000,54.414757
Switzerland,2001,54.831184
Switzerland,2002,55.72206
Switzerland,2003,56.066704
Switzerland,2004,56.729427
Switzerland,2005,60.574726
Switzerland,2006,63.326443
Switzerland,2007,68.32307
Switzerland,2008,72.58657
Switzerland,2009,71.86104
Switzerland,2010,76.004814
Switzerland,2011,84.594376
Switzerland,2012,86.639626
Switzerland,2013,86.26918
Switzerland,2014,87.11647
Switzerland,2015,85.66496
Switzerland,2016,86.37685
Switzerland,2017,88.95202
Switzerland,2018,89.29048
Switzerland,2019,93.04306
Switzerland,2020,95.010254
Switzerland,2021,99.48323
Switzerland,2022,101.32614
Switzerland,2023,99.93163
Syria,2005,11.021681
Syria,2006,9.560591
Syria,2007,9.610101
Syria,2008,9.967693
Syria,2009,10.044832
Syria,2010,11.514412
Syria,2011,11.494515
Syria,2012,12.391226
Syria,2013,11.167972
Syria,2014,11.703975
Syria,2015,11.647971
Syria,2019,12.47723
Syria,2020,11.342836
Syria,2021,22.664808
Syria,2022,19.534441
Syria,2023,18.44707
Taiwan,1951,2.313034
Taiwan,1952,2.5946958
Taiwan,1953,2.7954848
Taiwan,1954,2.9774728
Taiwan,1955,3.115821
Taiwan,1956,3.278622
Taiwan,1957,3.4729023
Taiwan,1958,3.6394563
Taiwan,1959,3.8631167
Taiwan,1960,4.038118
Taiwan,1961,4.252632
Taiwan,1962,4.4163647
Taiwan,1963,4.687395
Taiwan,1964,5.23337
Taiwan,1965,5.9233665
Taiwan,1966,6.236398
Taiwan,1967,6.720496
Taiwan,1968,7.154154
Taiwan,1969,7.5710096
Taiwan,1970,8.288822
Taiwan,1971,9.066976
Taiwan,1972,9.861825
Taiwan,1973,10.467222
Taiwan,1974,10.722902
Taiwan,1975,10.707721
Taiwan,1976,12.037717
Taiwan,1977,12.427261
Taiwan,1978,13.624295
Taiwan,1979,14.255676
Taiwan,1980,15.235557
Taiwan,1981,15.916879
Taiwan,1982,16.331799
Taiwan,1983,16.971653
Taiwan,1984,17.876738
Taiwan,1985,17.917585
Taiwan,1986,19.55288
Taiwan,1987,21.458588
Taiwan,1988,23.071497
Taiwan,1989,24.906761
Taiwan,1990,27.129566
Taiwan,1991,28.762613
Taiwan,1992,30.180784
Taiwan,1993,31.241411
Taiwan,1994,32.76157
Taiwan,1995,33.52243
Taiwan,1996,36.60678
Taiwan,1997,39.34308
Taiwan,1998,40.077793
Taiwan,1999,41.712795
Taiwan,2000,43.519955
Taiwan,2001,44.340164
Taiwan,2002,45.69684
Taiwan,2003,46.127895
Taiwan,2004,46.987427
Taiwan,2005,49.74789
Taiwan,2006,49.248013
Taiwan,2007,49.76715
Taiwan,2008,47.474865
Taiwan,2009,46.61193
Taiwan,2010,49.658337
Taiwan,2011,50.62028
Taiwan,2012,50.790928
Taiwan,2013,49.97552
Taiwan,2015,50.60163
Taiwan,2016,50.297173
Taiwan,2017,51.546207
Taiwan,2018,51.08198
Taiwan,2019,53.521835
Taiwan,2020,57.043064
Taiwan,2021,59.004745
Taiwan,2022,59.74409
Taiwan,2023,60.848793
Tajikistan,2005,4.458506
Tajikistan,2006,4.851872
Tajikistan,2007,5.2901044
Tajikistan,2008,5.4090257
Tajikistan,2009,5.227868
Tajikistan,2010,5.60813
Tajikistan,2011,6.557608
Tajikistan,2012,7.1508236
Tajikistan,2013,6.7272897
Tajikistan,2014,7.4810624
Tajikistan,2015,5.9705787
Tajikistan,2016,6.062849
Tajikistan,2017,6.618755
Tajikistan,2018,6.7450814
Tajikistan,2019,7.820909
Tajikistan,2020,7.988447
Tajikistan,2021,8.096345
Tajikistan,2022,8.606749
Tajikistan,2023,8.50369
Tanzania,2005,2.4594154
Tanzania,2006,2.5249279
Tanzania,2007,2.6508598
Tanzania,2008,2.7862515
Tanzania,2009,2.9172902
Tanzania,2010,3.2826262
Tanzania,2011,3.9036906
Tanzania,2012,3.7067542
Tanzania,2013,3.409559
Tanzania,2014,3.2254248
Tanzania,2015,3.4261239
Tanzania,2016,3.3870692
Tanzania,2017,3.30354
Tanzania,2018,3.5375965
Tanzania,2019,3.7469046
Tanzania,2020,4.019205
Tanzania,2021,4.1193023
Tanzania,2022,4.226683
Tanzania,2023,4.2841744
Thailand,1970,2.8166142
Thailand,1971,2.8740997
Thailand,1972,3.04389
Thailand,1973,3.0630069
Thailand,1974,3.0751112
Thailand,1975,3.1763265
Thailand,1976,3.3673012
Thailand,1977,3.6349614
Thailand,1978,3.6768467
Thailand,1979,3.7778955
Thailand,1980,3.6021376
Thailand,1981,3.8283467
Thailand,1982,4.3026447
Thailand,1983,3.7295332
Thailand,1984,3.702476
Thailand,1985,3.8528259
Thailand,1986,3.7873468
Thailand,1987,3.9726238
Thailand,1988,4.1896367
Thailand,1989,4.35096
Thailand,1990,4.9664707
Thailand,1991,5.069115
Thailand,1992,5.3959785
Thailand,1993,5.8769093
Thailand,1994,6.4689207
Thailand,1995,7.081656
Thailand,1996,7.9488363
Thailand,1997,7.319621
Thailand,1998,6.378929
Thailand,1999,6.565673
Thailand,2000,6.633584
Thailand,2001,7.017102
Thailand,2002,7.398919
Thailand,2003,7.800051
Thailand,2004,8.184596
Thailand,2005,9.0982485
Thailand,2006,9.566036
Thailand,2007,10.143932
Thailand,2008,10.70147
Thailand,2009,10.456538
Thailand,2010,11.747734
Thailand,2011,12.628325
Thailand,2012,14.015151
Thailand,2013,14.217212
Thailand,2014,14.125287
Thailand,2015,14.475631
Thailand,2016,15.2124605
Thailand,2017,16.220163
Thailand,2018,16.804295
Thailand,2019,17.634335
Thailand,2020,17.596155
Thailand,2021,18.212358
Thailand,2022,17.574179
Thailand,2023,19.039349
Trinidad and Tobago,1991,26.847864
Trinidad and Tobago,1992,25.54953
Trinidad and Tobago,1993,23.778893
Trinidad and Tobago,1994,22.867819
Trinidad and Tobago,1995,21.975727
Trinidad and Tobago,1996,20.761293
Trinidad and Tobago,1997,20.336733
Trinidad and Tobago,1998,19.168415
Trinidad and Tobago,1999,22.095907
Trinidad and Tobago,2000,25.71159
Trinidad and Tobago,2001,23.811144
Trinidad and Tobago,2002,24.674236
Trinidad and Tobago,2003,31.395561
Trinidad and Tobago,2004,33.00452
Trinidad and Tobago,2005,39.611603
Trinidad and Tobago,2006,47.44722
Trinidad and Tobago,2007,50.66816
Trinidad and Tobago,2008,58.80551
Trinidad and Tobago,2009,45.190567
Trinidad and Tobago,2010,49.554546
Trinidad and Tobago,2011,56.037594
Trinidad and Tobago,2012,55.42046
Trinidad and Tobago,2013,53.877033
Trinidad and Tobago,2014,52.449078
Trinidad and Tobago,2015,47.985466
Trinidad and Tobago,2016,43.233383
Trinidad and Tobago,2017,43.32541
Trinidad and Tobago,2018,43.24508
Trinidad and Tobago,2019,44.9884
Trinidad and Tobago,2020,44.946587
Trinidad and Tobago,2021,47.711666
Trinidad and Tobago,2022,46.88207
Trinidad and Tobago,2023,45.935986
Tunisia,2005,14.176201
Tunisia,2006,14.429316
Tunisia,2007,15.182602
Tunisia,2008,15.751016
Tunisia,2009,16.435621
Tunisia,2010,17.065113
Tunisia,2011,17.645477
Tunisia,2012,18.116611
Tunisia,2013,16.980402
Tunisia,2014,17.046808
Tunisia,2015,17.064772
Tunisia,2016,17.317915
Tunisia,2017,17.039062
Tunisia,2018,17.44739
Tunisia,2019,18.072878
Tunisia,2020,17.487206
Tunisia,2021,17.001617
Tunisia,2022,17.583492
Tunisia,2023,16.799356
Turkey,1970,12.675089
Turkey,1971,12.891073
Turkey,1972,13.725425
Turkey,1973,14.201014
Turkey,1974,15.862733
Turkey,1975,17.019238
Turkey,1976,18.825642
Turkey,1977,18.172
Turkey,1978,17.539349
Turkey,1979,17.145903
Turkey,1980,16.830296
Turkey,1981,18.76965
Turkey,1982,18.016977
Turkey,1983,18.56061
Turkey,1984,19.874327
Turkey,1985,19.951866
Turkey,1986,20.479038
Turkey,1987,22.21755
Turkey,1988,21.545801
Turkey,1989,20.737751
Turkey,1990,22.739357
Turkey,1991,20.891582
Turkey,1992,21.247732
Turkey,1993,24.177973
Turkey,1994,20.91097
Turkey,1995,22.708874
Turkey,1996,24.08818
Turkey,1997,25.108702
Turkey,1998,24.07644
Turkey,1999,21.98228
Turkey,2000,24.512747
Turkey,2001,23.750864
Turkey,2002,23.53937
Turkey,2003,22.85436
Turkey,2004,25.659742
Turkey,2005,27.701159
Turkey,2006,30.204082
Turkey,2007,32.92979
Turkey,2008,34.368958
Turkey,2009,34.040092
Turkey,2010,36.116432
Turkey,2011,39.551506
Turkey,2012,40.59714
Turkey,2013,42.31441
Turkey,2014,44.338398
Turkey,2015,46.236073
Turkey,2016,46.469788
Turkey,2017,47.88645
Turkey,2018,47.813248
Turkey,2019,49.21171
Turkey,2020,57.219536
Turkey,2021,52.483856
Turkey,2022,54.152428
Turkey,2023,56.52384
Turkmenistan,2005,10.889915
Turkmenistan,2006,11.174841
Turkmenistan,2007,11.5636635
Turkmenistan,2008,11.741373
Turkmenistan,2009,17.00483
Turkmenistan,2010,18.478338
Turkmenistan,2011,18.105446
Turkmenistan,2012,17.989304
Turkmenistan,2013,17.885477
Turkmenistan,2014,17.601583
Turkmenistan,2015,17.056036
Turkmenistan,2016,16.5741
Turkmenistan,2017,16.933619
Turkmenistan,2018,17.485188
Turkmenistan,2019,18.085407
Turkmenistan,2020,19.642616
Turkmenistan,2021,20.089472
Turkmenistan,2022,20.241394
Turkmenistan,2023,20.883871
Uganda,2005,3.616084
Uganda,2006,3.9112842
Uganda,2007,4.2158747
Uganda,2008,4.604315
Uganda,2009,4.982397
Uganda,2010,6.3068557
Uganda,2011,7.1294155
Uganda,2012,5.069215
Uganda,2013,3.6770692
Uganda,2014,6.1606436
Uganda,2015,5.12184
Uganda,2016,4.483873
Uganda,2017,4.1323576
Uganda,2018,4.547936
Uganda,2019,4.8846607
Uganda,2020,4.2007093
Uganda,2021,3.3082304
Uganda,2022,3.5509455
Uganda,2023,3.6119707
Ukraine,2005,9.985818
Ukraine,2006,10.909371
Ukraine,2007,12.210857
Ukraine,2008,13.0491495
Ukraine,2009,11.378683
Ukraine,2010,11.607736
Ukraine,2011,13.029414
Ukraine,2012,13.598371
Ukraine,2013,14.506031
Ukraine,2014,14.472163
Ukraine,2015,15.440828
Ukraine,2016,16.455778
Ukraine,2017,16.845766
Ukraine,2018,17.198265
Ukraine,2019,18.405897
Ukraine,2020,19.819386
Ukraine,2021,21.64999
Ukraine,2022,17.886497
Ukraine,2023,19.289892
United Arab Emirates,2005,86.64857
United Arab Emirates,2006,88.36783
United Arab Emirates,2007,79.72488
United Arab Emirates,2008,73.82729
United Arab Emirates,2009,53.704025
United Arab Emirates,2010,52.73671
United Arab Emirates,2011,59.930607
United Arab Emirates,2012,61.987694
United Arab Emirates,2013,59.68808
United Arab Emirates,2014,60.91756
United Arab Emirates,2015,49.87166
United Arab Emirates,2016,47.35865
United Arab Emirates,2017,43.613617
United Arab Emirates,2018,45.923405
United Arab Emirates,2019,47.47686
United Arab Emirates,2020,48.741535
United Arab Emirates,2021,44.59965
United Arab Emirates,2022,49.460045
United Arab Emirates,2023,52.13346
United Kingdom,1950,12.3862505
United Kingdom,1951,12.543871
United Kingdom,1952,12.697745
United Kingdom,1953,13.253014
United Kingdom,1954,13.541551
United Kingdom,1955,13.942038
United Kingdom,1956,14.200468
United Kingdom,1957,14.605793
United Kingdom,1958,15.04671
United Kingdom,1959,15.82057
United Kingdom,1960,16.353039
United Kingdom,1961,16.858997
United Kingdom,1962,17.3132
United Kingdom,1963,18.018612
United Kingdom,1964,18.822708
United Kingdom,1965,19.346313
United Kingdom,1966,20.241072
United Kingdom,1967,21.10013
United Kingdom,1968,22.14618
United Kingdom,1969,22.68991
United Kingdom,1970,23.889267
United Kingdom,1971,25.186962
United Kingdom,1972,25.645933
United Kingdom,1973,26.853504
United Kingdom,1974,26.15203
United Kingdom,1975,26.251995
United Kingdom,1976,27.830488
United Kingdom,1977,28.976736
United Kingdom,1978,30.7745
United Kingdom,1979,32.26451
United Kingdom,1980,33.47946
United Kingdom,1981,34.395077
United Kingdom,1982,35.15937
United Kingdom,1983,36.323895
United Kingdom,1984,35.80805
United Kingdom,1985,35.887974
United Kingdom,1986,36.84061
United Kingdom,1987,38.212753
United Kingdom,1988,38.764023
United Kingdom,1989,38.849697
United Kingdom,1990,39.927418
United Kingdom,1991,40.96872
United Kingdom,1992,42.58305
United Kingdom,1993,44.848793
United Kingdom,1994,45.90097
United Kingdom,1995,50.397476
United Kingdom,1996,52.780224
United Kingdom,1997,55.18963
United Kingdom,1998,56.392914
United Kingdom,1999,58.364075
United Kingdom,2000,62.019405
United Kingdom,2001,63.436264
United Kingdom,2002,63.061485
United Kingdom,2003,62.760895
United Kingdom,2004,63.706306
United Kingdom,2005,66.20453
United Kingdom,2006,66.2685
United Kingdom,2007,65.108116
United Kingdom,2008,65.44837
United Kingdom,2009,63.142673
United Kingdom,2010,62.195778
United Kingdom,2011,62.844765
United Kingdom,2012,63.155174
United Kingdom,2013,63.77222
United Kingdom,2014,62.419716
United Kingdom,2015,63.72775
United Kingdom,2016,63.4797
United Kingdom,2017,65.88062
United Kingdom,2018,64.60273
United Kingdom,2019,66.17737
United Kingdom,2020,70.25431
United Kingdom,2021,68.41783
United Kingdom,2022,68.378075
United Kingdom,2023,68.0298
United States,1950,21.577923
United States,1951,21.856524
United States,1952,22.342476
United States,1953,23.103535
United States,1954,23.752386
United States,1955,24.766106
United States,1956,24.932867
United States,1957,25.718395
United States,1958,26.40536
United States,1959,27.297684
United States,1960,27.866028
United States,1961,28.773964
United States,1962,29.743284
United States,1963,30.81857
United States,1964,31.78865
United States,1965,32.718838
United States,1966,33.605515
United States,1967,34.017643
United States,1968,34.987972
United States,1969,35.24685
United States,1970,35.989223
United States,1971,37.38677
United States,1972,38.38325
United States,1973,39.45205
United States,1974,38.947735
United States,1975,39.96089
United States,1976,41.01814
United States,1977,41.50775
United States,1978,41.98502
United States,1979,42.20026
United States,1980,42.2123
United States,1981,43.042946
United States,1982,42.836876
United States,1983,43.917244
United States,1984,44.87013
United States,1985,45.43116
United States,1986,46.37501
United States,1987,46.597885
United States,1988,47.21477
United States,1989,47.60132
United States,1990,48.246418
United States,1991,48.753185
United States,1992,50.641438
United States,1993,51.0151
United States,1994,51.541924
United States,1995,52.000492
United States,1996,53.23023
United States,1997,54.376328
United States,1998,55.81051
United States,1999,57.530106
United States,2000,59.149975
United States,2001,60.27278
United States,2002,61.876675
United States,2003,63.79642
United States,2004,65.511055
United States,2005,66.79082
United States,2006,67.335144
United States,2007,68.14117
United States,2008,68.95971
United States,2009,71.02365
United States,2010,72.9431
United States,2011,72.994804
United States,2012,73.444336
United States,2013,74.135895
United States,2014,74.58594
United States,2015,74.986916
United States,2016,75.29495
United States,2017,76.11291
United States,2018,76.83071
United States,2019,77.74209
United States,2020,81.08247
United States,2021,82.3028
United States,2022,81.94824
United States,2023,83.531105
Uruguay,1990,15.444872
Uruguay,1991,16.207277
Uruguay,1992,18.156467
Uruguay,1993,18.980314
Uruguay,1994,20.154436
Uruguay,1995,19.84499
Uruguay,1996,21.116158
Uruguay,1997,21.091763
Uruguay,1998,20.822218
Uruguay,1999,20.445757
Uruguay,2000,20.013767
Uruguay,2001,19.430437
Uruguay,2002,18.989973
Uruguay,2003,19.225391
Uruguay,2004,18.559896
Uruguay,2005,19.504658
Uruguay,2006,19.544134
Uruguay,2007,20.684324
Uruguay,2008,22.426348
Uruguay,2009,23.68828
Uruguay,2010,27.248896
Uruguay,2011,29.227512
Uruguay,2012,30.719692
Uruguay,2013,31.5063
Uruguay,2014,32.828636
Uruguay,2015,33.966007
Uruguay,2016,35.260612
Uruguay,2017,35.62978
Uruguay,2018,35.771927
Uruguay,2019,38.193
Uruguay,2020,40.156452
Uruguay,2021,38.698734
Uruguay,2022,38.517204
Uruguay,2023,38.73502
Uzbekistan,2005,6.1134586
Uzbekistan,2006,6.1043005
Uzbekistan,2007,6.652316
Uzbekistan,2008,6.680322
Uzbekistan,2009,7.1471505
Uzbekistan,2010,6.962992
Uzbekistan,2011,7.4772396
Uzbekistan,2012,7.7414923
Uzbekistan,2013,7.9355993
Uzbekistan,2014,8.186527
Uzbekistan,2015,8.576579
Uzbekistan,2016,8.470675
Uzbekistan,2017,8.759643
Uzbekistan,2018,9.8572235
Uzbekistan,2019,9.942096
Uzbekistan,2020,10.293637
Uzbekistan,2021,10.830035
Uzbekistan,2022,11.576005
Uzbekistan,2023,11.938715
Venezuela,1950,9.729518
Venezuela,1951,10.482533
Venezuela,1952,11.679927
Venezuela,1953,11.754231
Venezuela,1954,12.664623
Venezuela,1955,13.144047
Venezuela,1956,13.834692
Venezuela,1957,14.833011
Venezuela,1958,15.291141
Venezuela,1959,15.632931
Venezuela,1960,14.3949795
Venezuela,1961,14.501749
Venezuela,1962,15.200702
Venezuela,1963,15.934797
Venezuela,1964,17.285387
Venezuela,1965,17.45584
Venezuela,1966,17.196653
Venezuela,1967,17.419107
Venezuela,1968,18.946543
Venezuela,1969,19.62958
Venezuela,1970,21.641949
Venezuela,1971,20.201735
Venezuela,1972,20.201115
Venezuela,1973,21.55671
Venezuela,1974,24.821783
Venezuela,1975,23.639421
Venezuela,1976,25.21465
Venezuela,1977,25.54119
Venezuela,1978,23.9852
Venezuela,1979,24.604576
Venezuela,1980,21.627645
Venezuela,1981,20.958015
Venezuela,1982,19.4855
Venezuela,1983,19.785793
Venezuela,1984,20.24216
Venezuela,1985,18.615776
Venezuela,1986,16.696226
Venezuela,1987,16.189606
Venezuela,1988,15.89339
Venezuela,1989,14.984856
Venezuela,1990,15.428179
Venezuela,1991,15.948638
Venezuela,1992,16.006231
Venezuela,1993,14.965662
Venezuela,1994,13.815713
Venezuela,1995,13.827156
Venezuela,1996,13.438407
Venezuela,1997,12.944048
Venezuela,1998,11.352047
Venezuela,1999,11.88049
Venezuela,2000,14.073105
Venezuela,2001,13.128458
Venezuela,2002,12.256613
Venezuela,2003,11.970776
Venezuela,2004,14.239686
Venezuela,2005,17.611109
Venezuela,2006,19.9599
Venezuela,2007,22.529364
Venezuela,2008,25.99299
Venezuela,2009,22.290731
Venezuela,2010,26.679781
Venezuela,2011,29.277555
Venezuela,2012,30.055267
Venezuela,2013,28.037857
Venezuela,2014,18.444345
Vietnam,1983,1.2390631
Vietnam,1984,1.290121
Vietnam,1985,1.3156817
Vietnam,1986,1.3153611
Vietnam,1987,1.3162571
Vietnam,1988,1.3467938
Vietnam,1989,1.2953826
Vietnam,1990,1.3145646
Vietnam,1991,1.4495797
Vietnam,1992,1.5295556
Vietnam,1993,1.6978365
Vietnam,1994,1.7597606
Vietnam,1995,1.8729107
Vietnam,1996,2.0880613
Vietnam,1997,2.3240025
Vietnam,1998,2.2898283
Vietnam,1999,2.2263224
Vietnam,2000,2.3180463
Vietnam,2001,2.5863342
Vietnam,2002,2.7358446
Vietnam,2003,2.8816855
Vietnam,2004,3.1066086
Vietnam,2005,3.325247
Vietnam,2006,3.5764976
Vietnam,2007,4.1368814
Vietnam,2008,4.6194744
Vietnam,2009,4.8155694
Vietnam,2010,5.547646
Vietnam,2011,5.9329395
Vietnam,2012,6.3238335
Vietnam,2013,6.6097536
Vietnam,2014,7.166942
Vietnam,2015,7.4363456
Vietnam,2016,7.7724657
Vietnam,2017,8.676572
Vietnam,2018,8.861669
Vietnam,2019,9.733969
Vietnam,2020,10.401819
Vietnam,2021,11.199046
Vietnam,2022,11.031121
Vietnam,2023,11.03451
Yemen,2005,7.884461
Yemen,2006,7.982443
Yemen,2007,8.281414
Yemen,2008,8.765694
Yemen,2009,8.53448
Yemen,2010,9.900771
Yemen,2011,8.742189
Yemen,2012,8.147151
Yemen,2013,8.1600065
Yemen,2014,7.8891764
Yemen,2015,7.181151
Yemen,2016,5.578133
Yemen,2017,4.1834826
Yemen,2018,4.455844
Yemen,2019,3.8922548
Yemen,2020,3.529208
Yemen,2021,3.5599043
Yemen,2022,3.4357433
Yemen,2023,3.1429014
Zambia,2005,3.88996
Zambia,2006,4.3782797
Zambia,2007,5.7030125
Zambia,2008,5.9238334
Zambia,2009,6.468854
Zambia,2010,7.071295
Zambia,2011,7.8384986
Zambia,2012,7.4221535
Zambia,2013,6.9650087
Zambia,2014,6.862733
Zambia,2015,6.380543
Zambia,2016,6.0975194
Zambia,2017,6.1247315
Zambia,2018,6.234076
Zambia,2019,5.590863
Zambia,2020,4.912979
Zambia,2021,5.159984
Zambia,2022,5.439212
Zambia,2023,5.6307116
Zimbabwe,2005,0.76634395
Zimbabwe,2006,2.4286366
Zimbabwe,2007,2.6648512
Zimbabwe,2008,1.9334495
Zimbabwe,2009,3.3946054
Zimbabwe,2010,3.257652
Zimbabwe,2011,3.8090942
Zimbabwe,2012,4.208882
Zimbabwe,2013,4.3619394
Zimbabwe,2014,4.420427
Zimbabwe,2015,4.5761194
Zimbabwe,2016,4.7721243
Zimbabwe,2017,5.2420154
Zimbabwe,2018,2.8527808
Zimbabwe,2019,4.4940133
Zimbabwe,2020,4.6748276
Zimbabwe,2021,4.1696596
Zimbabwe,2022,4.13962
Zimbabwe,2023,3.9728239
